B1;B4;B7;B10;B13;B16;B19;B22;B25;B28;B31
;;;;;;;;;;
;;;;;;;;;;
;;;;;;;;;;
;;;;;;;;;;
;;;Micrite;;;;;;;
;;;;;;;;;;
;?;;;;;;;;;
;Sparite;;;;;;;;;
;Sparite;;;;;;;;;
;;;;;;;;;;
;;;;;;;;;;
;;;;;;?;;;;
;;;;;;;;;;
;;;;;;;;;;
;;;;;;;;;;
;;;;Crinoid;;;;;;
;;;;;;;;;;
;;;;;;;;;;
;;;;;;;;;;
;;;;;;;;;;
;;;;;;;;;;
;;;;;;;;;;
;;;;;;;Micrite;;;
;;;;;;;Micrite;;Bryozoan;
;;;;;;;Micrite;;Bryozoan;
Micrite;;;;;;;Micrite;;Bryozoan;
Micrite;;;;;;;;;Bryozoan;
;;;;;;;;;;
;;;;;;;;;;
;;;;;;;;;;
;;;;;;;;;;
;;;;;;;;;;
;;;;;;;;;;
;;;;;;;;;;
;;;;;;;;;;
;;;;;;;;;;
;;;;;;;;;;
;;;;;;;;;;
;;;;;;;;;;
;;;;;;;;;;
;;;;;;;;;;
;;;;;;;;;;
;;;;;;;;;;
;;;;;;;;;;
;;;Sparite;;;;;;;
;;;Micrite;Crinoid;;;;;;
;?;;Sparite;Micrite;;;;Tabulate Coral;;
;Brachiopod;;Micrite;Micrite;;;;;;Crinoid
;Sparite;;Sparite;Bryozoan;;;;;;
;Crinoid;;Bryozoan;Crinoid;;;;;;
;?;;;Micrite;;;;;;
;Crinoid;;;Crinoid;;;;;;
;;;;Micrite;Microbe_Oncoid;Micrite;;;;
;;;;Bryozoan;Microbe_Oncoid;Micrite;;?;;
;;;;Micrite;?;;;?;;
;;;;Micrite;Micrite;;;;;
;;;;Crinoid;;;;;;
;Sparite;;;Crinoid;;;;;;
;Sparite;;;Crinoid;;;;;;
;Rostroconch;;;Micrite;;;Micrite;;;
;Micrite;;;Bryozoan;;;Micrite;;;
;;;;Brachiopod;;;Micrite;;;
;;;;?;;;Micrite;;Microbe;
;;;;Crinoid;;;Micrite;;Bryozoan;
;;;;Bryozoan;;;Micrite;;Bryozoan;
Micrite;;;;Bryozoan;;;Micrite;;Bryozoan;
Tabulate Coral;;;;Brachiopod;;;Brachiopod;;Bryozoan;
Micrite;;;;Micrite;;;Brachiopod;;Bryozoan;
?;;;;;;;Micrite;;Microbe;
Micrite;;;;;;;;;Microbe;
Sparite;;;;;;;;;;
;;;;;;;;;;
;;;;;;;;;;
;;;;;;;;;;
;;;;;;;;;;
;;;;;;;;;;
;;;;;;;;;;
;;;;;;;;;;
;;;;;;;;;;
;;;;;;;;;;
;;;;;;;;;;
;;;;;;;;;;
;;;;;;;;;;
;;;;;;;;;;
;;;;;;;;;;
;;;;;;;;;;
;;;Micrite;;;;;;;
;Rugose Coral;;Micrite;Crinoid;;;;;;
;Micrite;;Micrite;Sparite;;;;Tabulate Coral;;
;Crinoid;;Micrite;Sparite;;;;Tabulate Coral;;Crinoid
;Crinoid;;Micrite;Bryozoan;;;;Micrite;;Crinoid
;Sparite;;Micrite;Micrite;;;;Microbe;;Micrite
;Sparite;;Bryozoan;Sparite;;Brachiopod;;Bryozoan;;Micrite
;Sparite;;Micrite;Crinoid;Tabulate Coral_Oncoid;Brachiopod;;Bryozoan;;Echinoderm
;Bryozoan;;Tabulate Coral;Crinoid;Tabulate Coral_Oncoid;Microbe;Stromatoporoid;Bryozoan;;Micrite
;;;?;Bryozoan;Microbe_Oncoid;Bryozoan;Stromatoporoid;Microbe;;Micrite
;;;Bryozoan;Crinoid;Micrite;Micrite;Stromatoporoid;?;;?
;;;Micrite;Sparite;Micrite;;;;;Micrite
;Micrite;;Sparite;?;Micrite;;;;;Crinoid
;Bryozoan;;Brachiopod;Micrite;Micrite;;;;;
;Micrite;;Micrite;Sparite;Micrite;;;;;
;Sparite;;Micrite;Sparite;Micrite;;Micrite;;;
;Micrite;;;Micrite;;;Micrite;;Microbe;
;Sparite;;;Bryozoan;;;Micrite;;Microbe;
;?;;;Micrite;;;Micrite;;Bryozoan;
;Sparite;;;Micrite;;;Bryozoan;;Bryozoan;
Brachiopod;Sparite;;;Brachiopod;;;Micrite;;Bryozoan;
Micrite;Sparite;;;Bryozoan;;;Micrite;;Bryozoan;
Micrite;;;;Brachiopod;;;Micrite;;Bryozoan;
Bryozoan;;;;Micrite;;;Micrite;;Microbe;
Micrite;;;;Micrite;;;Micrite;;Microbe;
Micrite;;;;Micrite;;;Micrite;;Microbe;
Micrite;;;;;;;Micrite;;Microbe;
Micrite;;;;;;;Micrite;;;
Micrite;;;;;;;Micrite;;;
;;;;;;;;;;
;;;;;;;;;;
;;;;;;;;;;
;;;;;;;;;;
;;;;;;;;;;
;;;;;;;;;;
;;;;;;;;;;
;;;;;;;;;;
;;;;;;;;;;
;;;;;;;;;;
;;;;;;;;;;
;;;;;;;;;;
;Rugose Coral;Micrite;Crinoid;;;;;;;
;Rugose Coral;Echinoderm;Crinoid;;;;;;;
;Sparite;Micrite;Sparite;Sparite;;;;Tabulate Coral;;
;Sparite;Sparite;Micrite;Brachiopod;;;;Tabulate Coral;;?
;Crinoid;Micrite;Micrite;Microbe;;;;Tabulate Coral;;Micrite
;Crinoid;Micrite;Tabulate Coral;Sparite;;;;Micrite;;Micrite
;Micrite;Micrite;Sparite;Crinoid;;Micrite;Stromatoporoid;?;;Micrite
;Bryozoan;Micrite;Micrite;Crinoid;;Microbe;Stromatoporoid;Bryozoan;;Echinoderm
;Crinoid;Crinoid;Brachiopod;Sparite;Micrite;Brachiopod;Stromatoporoid;Microbe;;Crinoid
;Bryozoan;Tabulate Coral;Sparite;Crinoid;Tabulate Coral_Oncoid;Brachiopod;Stromatoporoid;Microbe;;Crinoid
;Micrite;Trilobite;Bryozoan;Sparite;Micrite;Micrite;Stromatoporoid;Microbe;;Crinoid
;Tabulate Coral;Micrite;Sparite;Ostracod;Micrite;Microbe;Stromatoporoid;Bryozoan;;Sparite
;Echinoderm;;Sparite;Bryozoan;?;;Stromatoporoid;Bryozoan;;Crinoid
;Bryozoan;;Sparite;Crinoid;Tabulate Coral_Oncoid ;;Stromatoporoid;;;?
;Micrite;?;Echinoderm;Micrite;Tabulate Coral_Oncoid ;;Stromatoporoid;;;?
;Bryozoan;;Bryozoan;Bryozoan;Micrite;;Micrite;;;Micrite
;Micrite;;Tabulate Coral;Micrite;Micrite;;Micrite;;Microbe;Bryozoan
;Sparite;;Tabulate Coral;Bryozoan;Micrite;;Micrite;;Bryozoan;
;Sparite;;Brachiopod;Micrite;Micrite;;Micrite;;Microbe;Micrite
;Bryozoan;;;Bryozoan;Micrite;;Micrite;;Microbe;Micrite
Sparite;Bryozoan;;;Bryozoan;Micrite;;Micrite;;Microbe;
Micrite;Brachiopod;;;Micrite;Micrite;;?;;Microbe;
?;Sparite;;;Crinoid;;;Micrite;;Microbe;
Bryozoan;Micrite;;;Micrite;;;Micrite;;Microbe;
Tabulate Coral;Micrite;;;Micrite;;;Micrite;;Microbe;
Micrite;;;;Micrite;;;Micrite;;Microbe;
Echinoderm;;;;Bryozoan;;;?;;Microbe;
Micrite;;;;Micrite;;;Crinoid;;Microbe;
Micrite;;;;;;;Micrite;;;
Sparite;;;;;;;Micrite;;;
;;;;;;;Micrite;;;
;;;;;;;;;;
;;;;;;;;;;
;;;;;;;;;;
;;;;;;;;;;
;;;;;;;;;;
;;;;;;;;;;
;;;;;;;;;;
;;;;;;;;;;
;;;;;;;;;;
;;;;;;;;;;
;;;;;;;;;;
;Rugose Coral;Brachiopod;Sparite;;;;;;;
;Sparite;Pyrite;Sparite;Micrite;;;;Microbe;;
;?;Echinoderm;Crinoid;Micrite;;;;Tabulate Coral;;
;Crinoid;Sparite;Rostroconch_Oncoid;Bryozoan;;;;Tabulate Coral;;?
;Crinoid;Sparite;Echinoderm;Bryozoan;;;Stromatoporoid;Tabulate Coral;;Micrite
;?;Sparite;Sparite;Micrite;;;Stromatoporoid;Microbe;;Micrite
;Bryozoan;Brachiopod;Sparite;Sparite;;Bryozoan;Stromatoporoid;Bryozoan;;Bryozoan
;Crinoid;Crinoid;Crinoid;Bryozoan;Micrite;Microbe;Stromatoporoid;Bryozoan;;Micrite
;Sparite;Micrite;Crinoid;Brachiopod;Micrite;Micrite;Stromatoporoid;Microbe;;Crinoid
;Crinoid;?;Sparite;Micrite;Micrite;Brachiopod;Stromatoporoid;Microbe;;Crinoid
;Bryozoan;Bryozoan;Sparite;?;Micrite;Microbe;Stromatoporoid;Microbe;;Crinoid
;Sparite;Tabulate Coral;Trilobite;Tabulate Coral;Crinoid;Echinoderm;Stromatoporoid;Bryozoan;;Micrite
;Tabulate Coral;Micrite;Tabulate Coral;Crinoid;Micrite;;Stromatoporoid;Microbe;;Bryozoan
;Micrite;Crinoid;?;Crinoid;Tabulate Coral_Oncoid;;Stromatoporoid;?;;Crinoid
;Micrite;Tabulate Coral;Micrite;Crinoid;Tabulate Coral_Oncoid;;Stromatoporoid;Micrite;;Crinoid
;Bryozoan;Tabulate Coral;Micrite;Tabulate Coral;Micrite;;Stromatoporoid;?;Echinoderm;Bryozoan
;Micrite;Micrite;Tabulate Coral;Bryozoan;Micrite;;Stromatoporoid;;Microbe;Brachiopod
;Crinoid;;Tabulate Coral;Bryozoan;Micrite;;Stromatoporoid;;Microbe;Stromatoporoid
;Crinoid;;Micrite;Crinoid;Micrite;;Micrite;;Microbe;Stromatoporoid
Micrite;Sparite;;;Bryozoan;Micrite;;Micrite;;Microbe;Bryozoan
Micrite;Gastropod;;;Sparite;Micrite;;Micrite;;Microbe;Bryozoan
Micrite;Sparite;;;Micrite;Micrite;;Micrite;;Bryozoan;Stromatoporoid
Micrite;Brachiopod;;;Crinoid;Micrite;;Micrite;;Bryozoan;
Tabulate Coral;Bryozoan;;;Micrite;;;Micrite;;Bryozoan;
Tabulate Coral;Brachiopod;;;Crinoid;;;Micrite;;Microbe;
Mollusc;Sparite;;;Crinoid;;;Micrite;;Microbe;
Mollusc;;;;Micrite;;;Micrite;;Microbe;
Micrite;;;;Crinoid;;;Micrite;;Microbe;
Micrite;;;;Sparite;;;Micrite;;Microbe;
Tabulate Coral;;;;Micrite;;;Micrite;;;
Micrite;;;;;;;;;;
;;;;;;;;;;
;;;;;;;;;;
;;;;;;;;;;
;;;;;;;;;;
;;;;;;;;;;
;;;;;;;;;;
;;;;;;;;;;
;;;;;;;;;;
;;;;;;;;;;
;;;;;;;;;;
;Crinoid;;;;;;;;;
;Crinoid;Sparite;Micrite;;;;;;;
;Sparite;Brachiopod;?;Bryozoan;;;Stromatoporoid;Microbe;;
;?;Sparite;Sparite;Crinoid;Microbe ;;Stromatoporoid;Microbe;;
;Bryozoan;Crinoid;Bryozoan;Micrite;Micrite;Crinoid;Stromatoporoid;Microbe;;Crinoid
;?;Crinoid;Micrite;Crinoid;Micrite;Bryozoan;Stromatoporoid;Microbe;;?
;Sparite;Sparite;Sparite;Micrite;Micrite;Microbe;Stromatoporoid;Bryozoan;;Crinoid
;?;Allonema;Sparite;Micrite;Brachiopod;Bryozoan;Stromatoporoid;Bryozoan;;Brachiopod
;Echinoderm;Sparite;?;Micrite;Bryozoan;Bryozoan;Stromatoporoid;Microbe;;?
;Micrite;Bryozoan;Bryozoan;Micrite;Micrite;Micrite;Stromatoporoid;Microbe;;Crinoid
;Micrite;Micrite;Bryozoan;Crinoid;Bryozoan;Tabulate Coral;Stromatoporoid;?;;Crinoid
;Micrite;Crinoid;Sparite;Micrite;Micrite;Microbe;Stromatoporoid;?;;Crinoid
;Micrite;Sparite;Sparite;Sparite;Tabulate Coral_Oncoid;Micrite;Stromatoporoid;Microbe;;Bryozoan
;Sparite;Sparite;Brachiopod;Micrite;Tabulate Coral_Oncoid;Microbe;Stromatoporoid;Microbe;;Crinoid
;Micrite;Sparite;Sparite;Brachiopod;Tabulate Coral_Oncoid;;Stromatoporoid;?;;Micrite
;Sparite;?;Brachiopod;Micrite;Tabulate Coral_Oncoid;;Stromatoporoid;Microbe;Microbe;Stromatoporoid
;Tabulate Coral;Bryozoan;?;Micrite;Tabulate Coral_Oncoid;;Stromatoporoid;Micrite;Microbe;Micrite
;Crinoid;Echinoderm;Micrite;Micrite;Micrite;;Stromatoporoid;;Microbe;Stromatoporoid
;Sparite;Micrite;Tabulate Coral;Crinoid;?;;Stromatoporoid;;Microbe;Stromatoporoid
;Crinoid;Bryozoan;Tabulate Coral;Micrite;Micrite;;Stromatoporoid;;Bryozoan;Stromatoporoid
Micrite;?;Micrite;Micrite;Crinoid;Micrite;;Stromatoporoid;;Rothpletzella;Stromatoporoid
Micrite;Sparite;Crinoid;;Crinoid;Micrite;;Stromatoporoid;;Microbe;Stromatoporoid
Micrite;Brachiopod;Micrite;;Micrite;Micrite;;Stromatoporoid;;Microbe;Stromatoporoid
Micrite;Brachiopod;Sparite;;Crinoid;Micrite;;Micrite;;Microbe;Stromatoporoid
Tabulate Coral;Micrite;Bryozoan;;Tabulate Coral;Micrite;;Micrite;;Microbe;Stromatoporoid
Tabulate Coral;Sparite;;;Micrite;;;Micrite;;Microbe;
Micrite;;;;?;;;Micrite;;Microbe;
Micrite;;;;Micrite;;;Micrite;;Microbe;
Micrite;;;;Bryozoan;;;Stromatoporoid;;Microbe;
Micrite;;;;Micrite;;;Stromatoporoid;;Microbe;
Trilobite;;;;Micrite;;;Stromatoporoid;;Microbe;
Micrite;;;;;;;;;;
Micrite;;;;Bryozoan;;;;;;
;;;;;;;;;;
;;;;;;;;;;
;;;;;;;;;;
;;;;;;;;;;
;;;;;;;;;;
;;;;;;;;;;
;;;;;;;;;;
;;;;;;;;;;
;;;;;;;;;;
;Crinoid;;;;;;;;;
;?;Sparite;;;;;Stromatoporoid;;;
;Tabulate Coral;Micrite;Microbe;Tabulate Coral;;;Stromatoporoid;Microbe;;
;Mollusc;Brachiopod;Sparite;Micrite;Microbe;;Stromatoporoid;Microbe;;
;Sparite;Micrite;Sparite;Micrite;Microbe;Crinoid;Stromatoporoid;Bryozoan;;Tabulate Coral
;Brachiopod;Tabulate Coral;?;Micrite;Micrite;Crinoid;Stromatoporoid;Microbe;;Micrite
;Bryozoan;Micrite;Bryozoan;Crinoid;?;Bryozoan;Stromatoporoid;Microbe;;Micrite
;Bryozoan;Sparite;?;Micrite;Brachiopod;Micrite;Stromatoporoid;Bryozoan;;Micrite
;Micrite;Microbe_Oncoid;Sparite;Micrite;Tabulate Coral;Bryozoan;Stromatoporoid;Bryozoan;;Micrite
;Micrite;Sparite;Echinoderm;Micrite;Microbe;Microbe;Stromatoporoid;Microbe;;?
;Micrite;Sparite;Microbe;Micrite;Crinoid_Oncoid;Microbe;Stromatoporoid;Microbe;;?
;Brachiopod;Micrite;Crinoid;Micrite;Micrite;Brachiopod;Stromatoporoid;Echinoderm;;Crinoid
;Micrite;?;Brachiopod;Crinoid;Tabulate Coral_Oncoid;Micrite;Stromatoporoid;Micrite;;Bryozoan
;Brachiopod;Echinoderm;Sparite;Echinoderm;Tabulate Coral_Oncoid;Echinoderm;Stromatoporoid;Microbe;;Micrite
;Micrite;Micrite;?;Micrite;Tabulate Coral_Oncoid;Micrite;Stromatoporoid;Microbe;Microbe;Stromatoporoid
;Brachiopod;Sparite;Echinoderm;Micrite;Tabulate Coral_Oncoid;;Stromatoporoid;Microbe;Microbe;Stromatoporoid
;Sparite;Bryozoan;Sparite;Sparite;Sparite;;Stromatoporoid;?;Microbe;Stromatoporoid
;Crinoid;Brachiopod;Sparite;Tabulate Coral;Tabulate Coral_Oncoid;;Stromatoporoid;?;Micrite;Stromatoporoid
;Micrite;Sparite;Tabulate Coral;Micrite;Micrite;;Stromatoporoid;Micrite;Bryozoan;Stromatoporoid
Micrite;Tabulate Coral;Sparite;Tabulate Coral;Crinoid;Micrite;;Stromatoporoid;;Rothpletzella;Stromatoporoid
Micrite;Trilobite;Sparite;Tabulate Coral;Crinoid;Micrite;;Stromatoporoid;;Microbe;Stromatoporoid
Micrite;Micrite;Crinoid;Micrite;Crinoid;?;;Stromatoporoid;;Microbe;Stromatoporoid
Micrite;Micrite;Sparite;;Crinoid;Tabulate Coral_Oncoid;;Stromatoporoid;;Microbe;Stromatoporoid
Echinoderm;Micrite;Sparite;;Crinoid;Micrite;;Stromatoporoid;;Bryozoan;Stromatoporoid
Micrite;Micrite;Sparite;;Sparite;Micrite;;Stromatoporoid;;Bryozoan;Stromatoporoid
Micrite;Micrite;Sparite;;Bryozoan;Micrite;;Stromatoporoid;;Microbe;Micrite
Micrite;Bryozoan;;;Bryozoan;;;Stromatoporoid;;Microbe;
Mollusc;;;;Micrite;;;Stromatoporoid;;Microbe;
Micrite;;;;Micrite;;;Stromatoporoid;;Microbe;
Micrite;;;;Tabulate Coral;;;Stromatoporoid;;Microbe;
Micrite;;;;Micrite;;;Stromatoporoid;;Microbe;
Sparite;;;;Microbe;;;;;;
Micrite;;;;Sparite;;;;;;
Sparite;;;;;;;;;;
;;;;;;;;;;
;;;;;;;;;;
;;;;;;;;;;
;;;;;;;;;;
;;;;;;;;;;
;;;;;;;;;;
;;;;;;;;;;
;;;;;;;;;;
;;;;;;;;;;
;Sparite;Crinoid;;;;;Stromatoporoid;;;
;Bryozoan;Crinoid;;Micrite;Microbe;;Stromatoporoid;Microbe;;
;Mollusc;Sparite;;Bryozoan;Bryozoan;Micrite;Stromatoporoid;Bryozoan;;Micrite
;Crinoid;Sparite;Sparite;Bryozoan;Microbe;Microbe;Stromatoporoid;Bryozoan;;Micrite
;Trilobite;Tabulate Coral;Crinoid;Rothpletzella;Bryozoan;Crinoid;Stromatoporoid;Bryozoan;;Tabulate Coral
;Crinoid;Sparite;Micrite;Rothpletzella;?;Bryozoan;Stromatoporoid;Microbe;;Tabulate Coral
;Sparite;Stromatoporoid_Oncoid;Tabulate Coral;Crinoid;Micrite;Micrite;Stromatoporoid;Microbe;;Tabulate Coral
;Sparite;Stromatoporoid_Oncoid;Sparite;Crinoid;Micrite;Microbe;Stromatoporoid;Microbe;;Micrite
;?;Stromatoporoid_Oncoid;?;Crinoid;Brachiopod;Microbe;Stromatoporoid;Microbe;;Micrite
;Brachiopod;Sparite;Bryozoan;Crinoid;Crinoid;Crinoid;Microbe;Microbe;;Micrite
;Micrite;Sparite;?;Brachiopod;Crinoid;Crinoid;Tabulate Coral;Microbe;;Micrite
;Brachiopod;Sparite;Brachiopod;Crinoid;Microbe_Oncoid;Microbe;Tabulate Coral;?;Microbe;Stromatoporoid
;Crinoid;Sparite;Bryozoan;Micrite;Tabulate Coral_Oncoid;Tabulate Coral;Microbe;Microbe;Microbe;Stromatoporoid
;Crinoid;Sparite;Brachiopod;Micrite;Tabulate Coral_Oncoid;Tabulate Coral;Microbe;Microbe;?;Stromatoporoid
;Brachiopod;Sparite;Sparite;Micrite;Microbe_Oncoid;;Stromatoporoid;Microbe;Bryozoan;Stromatoporoid
;Sparite;Sparite;Brachiopod;Micrite;Bryozoan_Oncoid;;Stromatoporoid;Microbe;Bryozoan;Stromatoporoid
;Sparite;Micrite;Micrite;Micrite;Tabulate Coral_Oncoid;;Stromatoporoid;Microbe;Microbe;Stromatoporoid
;Sparite;Bryozoan;Micrite;Micrite;Micrite;;Stromatoporoid;?;Rothpletzella;Stromatoporoid
Micrite;Tabulate Coral;Tabulate Coral;Tabulate Coral;Crinoid;Micrite;;Stromatoporoid;Micrite;Rothpletzella;Stromatoporoid
Micrite;Mollusc;Sparite;Tabulate Coral;Micrite;Micrite;;Stromatoporoid;;Microbe;Stromatoporoid
Micrite;Sparite;Sparite;Tabulate Coral;Sparite;Micrite;;Stromatoporoid;;Microbe;Stromatoporoid
Micrite;Brachiopod;Sparite;Micrite;Echinoderm;Tabulate Coral_Oncoid;;Stromatoporoid;;Allonema;Sparite
Mollusc;Micrite;Echinoderm;Micrite;Brachiopod;Tabulate Coral_Oncoid;;Stromatoporoid;;Microbe;Sparite
Micrite;Brachiopod;Sparite;Sparite;Echinoderm;Micrite;;Stromatoporoid;;Microbe;Crinoid
Micrite;Sparite;Tabulate Coral_Oncoid;;Bryozoan;Micrite;;Stromatoporoid;;Bryozoan;Sparite
Micrite;Micrite;;;Bryozoan;;;Stromatoporoid;;Microbe;Crinoid
Micrite;;;;Echinoderm;;;Stromatoporoid;;Microbe;
Sparite;;;;Bryozoan;;;Stromatoporoid;;Microbe;
Brachiopod;;;;Micrite;;;Stromatoporoid;;Microbe;
Micrite;;;;Sparite;;;Stromatoporoid;;Microbe;
Micrite;;;;Tabulate Coral_Oncoid;;;;;Microbe;
Sparite;;;;Brachiopod;;;;;;
Sparite;;;;Bryozoan;;;;;;
Micrite;;;;;;;;;;
;;;;;;;;;;
;;;;;;;;;;
;;;;;;;;;;
;;;;;;;;;;
;;;;;;;;;;
;;;;;;;;;;
;;;;;;;;;;
;;;;;;;;;;
;Crinoid;Brachiopod;;;Microbe;;Stromatoporoid;Microbe;;
;Micrite;Crinoid;;Brachiopod;Bryozoan;Micrite;Stromatoporoid;Microbe;;
;Bryozoan;Sparite;;Micrite;Tabulate Coral;;Stromatoporoid;Bryozoan;;
;Bryozoan;Tabulate Coral;;Crinoid;Tabulate Coral;Microbe;Stromatoporoid;Bryozoan;;
;Sparite;Sparite;Bryozoan;Micrite;Micrite;Bryozoan;?;Microbe;;Micrite
;Crinoid;Microbe_Oncoid;Bryozoan;Rothpletzella;Tabulate Coral;Bryozoan;Stromatoporoid;Microbe;;?
;Sparite;Stromatoporoid_Oncoid;Tabulate Coral;Micrite;Bryozoan;Microbe;Stromatoporoid;Microbe;;Micrite
;Crinoid;Stromatoporoid_Oncoid;Tabulate Coral;Micrite;Microbe;Microbe;Microbe;Microbe;;Bryozoan
;Sparite;Stromatoporoid_Oncoid;Micrite;Micrite;Microbe;Bryozoan;Microbe;Microbe;;Bryozoan
;Micrite;Tabulate Coral;Sparite;Micrite;Crinoid;Microbe;Tabulate Coral;Microbe;;Micrite
;Crinoid;Sparite;Bryozoan;Micrite;Crinoid;Crinoid;Tabulate Coral;Echinoderm;?;Stromatoporoid
;Micrite;Sparite;Echinoderm;Brachiopod;Micrite;Crinoid;Tabulate Coral;?;Microbe;Stromatoporoid
;Crinoid;Sparite;Crinoid;Micrite;Micrite;Crinoid;Microbe;Micrite;Bryozoan;Stromatoporoid
;Crinoid;Sparite;Bryozoan;Micrite;Microbe;Microbe;Microbe;Microbe;Bryozoan;Stromatoporoid
;Sparite;?;Bryozoan;Crinoid;Microbe;Microbe;Microbe;Microbe;Rothpletzella;Stromatoporoid
;Micrite;Sparite;Micrite;Tabulate Coral;Tabulate Coral_Oncoid;Microbe;Stromatoporoid;Microbe;Rothpletzella;Stromatoporoid
;Sparite;Sparite;Micrite;Micrite;Microbe_Oncoid;;Stromatoporoid;Micrite;Rothpletzella;?
Micrite;Brachiopod;Tabulate Coral;Bryozoan;Sparite;?;;Stromatoporoid;Microbe;Rothpletzella;Stromatoporoid
Micrite;Sparite;Echinoderm;Micrite;Bryozoan;Microbe;;Stromatoporoid;Microbe;Allonema;Sparite
Micrite;Sparite;Bryozoan;Tabulate Coral;Micrite;Microbe;;Stromatoporoid;Microbe;Microbe;Sparite
Micrite;Micrite;Sparite;Micrite;Crinoid;Microbe;;Stromatoporoid;;Microbe;Sparite
Tabulate Coral;Sparite;Sparite;Micrite;Microbe;Tabulate Coral_Oncoid;;Stromatoporoid;;Allonema;Crinoid
Micrite;Sparite;Sparite;Brachiopod;Microbe;Tabulate Coral_Oncoid;;Stromatoporoid;;Microbe;Micrite
Sparite;Micrite;Echinoderm;Brachiopod;Crinoid;Microbe_Oncoid;;Stromatoporoid;;Microbe;Sparite
Echinoderm;Crinoid;Sparite;Micrite;Crinoid;?;;Stromatoporoid;;Crinoid;Sparite
Brachiopod;;;;Sparite;Micrite;;Stromatoporoid;;Microbe;Sparite
Brachiopod;;;;Sparite;;;Stromatoporoid;;Microbe;Stromatoporoid
Micrite;;;;Crinoid;;;Stromatoporoid;;Microbe;Micrite
Micrite;;;;Tabulate Coral;;;Stromatoporoid;;Microbe;Micrite
?;;;;Microbe;;;Stromatoporoid;;Microbe;
Micrite;;;;Microbe_Oncoid;;;;;Microbe;
Micrite;;;;Crinoid;;;;;Microbe;
Echinoderm;;;;Crinoid;;;;;;
Micrite;;;;Bryozoan;;;;;;
;;;;;;;;;;
;;;;;;;;;;
;;;;;;;;;;
;;;;;;;;;;
;;;;;;;;;;
;;;;;;;;;;
;;;;;;;;;;
;;Sparite;;;Microbe;;;;;
;Crinoid;Micrite;;Sparite;Microbe;Microbe;;Microbe;;
;Sparite;Brachiopod;;Micrite;Microbe;Microbe;Stromatoporoid;Microbe;;
;Trilobite;Sparite;;Micrite;Tabulate Coral;Microbe;Micrite;Microbe;;
;Bryozoan;Bryozoan;;Trilobite;Microbe;Sparite;?;Bryozoan;;Stromatoporoid
;Sparite;Sparite;;Micrite;Micrite;Micrite;Bryozoan;Bryozoan;;Micrite
;Micrite;?;?;Crinoid;?;Bryozoan;Stromatoporoid;Microbe;;Micrite
;Sparite;Stromatoporoid_Oncoid;Crinoid;Brachiopod;Micrite;Bryozoan;Microbe;Bryozoan;Microbe;Micrite
;Sparite;Stromatoporoid_Oncoid;Tabulate Coral;Micrite;Bryozoan;Microbe;Microbe;Bryozoan;Microbe;Stromatoporoid
;Crinoid;Stromatoporoid_Oncoid;Micrite;Micrite;Microbe;Micrite;Microbe;Bryozoan;?;Stromatoporoid
;Crinoid;Sparite;Tabulate Coral;Micrite;Microbe;Microbe;Microbe;Bryozoan;Bryozoan;Stromatoporoid
;Sparite;Sparite;Bryozoan;Micrite;Tabulate Coral_Oncoid;Crinoid;Tabulate Coral;Tabulate Coral;Allonema;Stromatoporoid
;Tabulate Coral_Oncoid;Brachiopod;Echinoderm;Micrite;Microbe;Crinoid;Tabulate Coral;Bryozoan;Allonema;Stromatoporoid
;Crinoid;Brachiopod;Micrite;?;Brachiopod;Crinoid;Tabulate Coral;Micrite;Rothpletzella;Sparite
;Crinoid;Sparite;Micrite;Brachiopod;Microbe;Microbe;Microbe;Microbe;Rothpletzella;Sparite
;Sparite;Brachiopod;Sparite;Brachiopod;Micrite;Microbe;Brachiopod;Microbe;Bryozoan;Sparite
;Micrite;Sparite;Sparite;Brachiopod;Tabulate Coral_Oncoid;Microbe;Microbe;Microbe;Bryozoan;Stromatoporoid
;Micrite;Crinoid;Micrite;Micrite;Crinoid;;Microbe;Microbe;Microbe;Stromatoporoid
Micrite;Sparite;Sparite;Brachiopod;Micrite;Brachiopod;;Stromatoporoid;Microbe;Allonema;Stromatoporoid
Micrite;Sparite;Bryozoan;Sparite;Brachiopod;Tabulate Coral_Oncoid;;Stromatoporoid;Microbe;Allonema;Micrite
Brachiopod;Sparite;Micrite;Sparite;Bryozoan;Tabulate Coral_Oncoid;;Stromatoporoid;Microbe;Allonema;Sparite
Micrite;Trilobite;Sparite;Micrite;Crinoid;Tabulate Coral_Oncoid;;Stromatoporoid;Microbe;Microbe;Micrite
Bivalve;Sparite;Crinoid;Micrite;Crinoid;Tabulate Coral_Oncoid;;Stromatoporoid;?;Microbe;Micrite
Micrite;Sparite;Brachiopod;Micrite;Crinoid;Tabulate Coral_Oncoid;;Stromatoporoid;Microbe;Microbe;Micrite
Micrite;Sparite;Brachiopod;Micrite;Sparite;Micrite;;Stromatoporoid;Micrite;Bryozoan;Micrite
Micrite;Micrite;Brachiopod;;Sparite;Micrite;;Stromatoporoid;;Microbe;?
Micrite;Crinoid;Sparite;;Micrite;Micrite;;Stromatoporoid;;Microbe;Stromatoporoid
Micrite;Micrite;;;Crinoid;;;Stromatoporoid;;Microbe;Ostracod
Micrite;;;;Microbe;;;Stromatoporoid;;Microbe;?
Brachiopod;;;;?;;;Stromatoporoid;;Microbe;Micrite
Mollusc;;;;Micrite;;;Stromatoporoid;;Microbe;Stromatoporoid
Echinoderm;;;;Micrite;;;;;Microbe;Stromatoporoid
Micrite;;;;Micrite;;;;;Microbe;
Micrite;;;;Sparite;;;;;;
Micrite;;;;Brachiopod;;;;;;
;;;;Crinoid;;;;;;
;;;;;;;;;;
;;;;;;;;;;
;;;;;;;;;;
;;;;;;;;;;
;;;;;;;;;;
;;;;;;;;;;
;;;;;;;;;;
;Micrite;Sparite;;Brachiopod;Microbe;Microbe;;Microbe;;
;Micrite;Sparite;;Brachiopod;Microbe;Microbe;;Microbe;;
;Crinoid;Sparite;;Brachiopod;Sparite;Micrite;Micrite;Microbe;;Stromatoporoid
;Micrite;Tabulate Coral;;Micrite;Microbe;Microbe;Micrite;Microbe;;Stromatoporoid
;Sparite;Sparite;;Micrite;Micrite;Microbe;?;Microbe;;Stromatoporoid
;?;Sparite;;Micrite;Micrite;Micrite;Micrite;Microbe;Microbe;Micrite
;Sparite;Pyrite;Crinoid;Micrite;Micrite;Brachiopod;Bryozoan;Microbe;?;Stromatoporoid
;Brachiopod;Sparite;Tabulate Coral;Bryozoan;Tabulate Coral_Oncoid;Microbe;Bryozoan;Tabulate Coral;Bryozoan;Stromatoporoid
;Echinoderm;Sparite;Ostracod;Micrite;Tabulate Coral_Oncoid;Microbe;Tabulate Coral;Bryozoan;Allonema;Stromatoporoid
;Sparite;?;Micrite;Micrite;Tabulate Coral_Oncoid;Microbe;Microbe;Bryozoan;Microbe;Sparite
;Sparite;Micrite;Sparite;Micrite;Tabulate Coral_Oncoid;Tabulate Coral;Microbe;Microbe;Microbe;Micrite
;Tabulate Coral;Brachiopod;Sparite;Micrite;?;Brachiopod;Microbe;Tabulate Coral;Microbe;Stromatoporoid
;Sparite;Crinoid;Micrite;Micrite;Brachiopod;Microbe;Microbe;Microbe;Microbe;Stromatoporoid
;Sparite;Brachiopod;Brachiopod;Brachiopod;Brachiopod;Sparite;Microbe;Micrite;Microbe;Stromatoporoid
;Sparite;Sparite;Micrite;Brachiopod;Tabulate Coral_Oncoid;Microbe;Brachiopod;Microbe;Microbe;Stromatoporoid
;Micrite;Crinoid;Micrite;Brachiopod;Tabulate Coral_Oncoid;Microbe;Microbe;Microbe;Microbe;Stromatoporoid
Micrite;Sparite;Crinoid;Bryozoan;Sparite;Crinoid;;Microbe;Microbe;Microbe;Sparite
Bryozoan;Crinoid;Sparite;Micrite;Sparite;Tabulate Coral_Oncoid;;Microbe;Microbe;Allonema;Stromatoporoid
Sparite;Crinoid;Sparite;Micrite;Micrite;Tabulate Coral_Oncoid;;Microbe;Microbe;Microbe;Stromatoporoid
Trilobite;Bryozoan;Sparite;Micrite;Micrite;Tabulate Coral_Oncoid;;Stromatoporoid;Microbe;Microbe;Stromatoporoid
Micrite;?;Micrite;Brachiopod;Crinoid;Tabulate Coral_Oncoid;;Stromatoporoid;Microbe;Microbe;?
Micrite;Sparite;Brachiopod;Brachiopod;Crinoid;Tabulate Coral_Oncoid;;Stromatoporoid;Microbe;Microbe;?
Micrite;Sparite;Micrite;?;Sparite;Tabulate Coral_Oncoid;;Stromatoporoid;Microbe;Microbe;Micrite
Micrite;Bryozoan;Sparite;Micrite;?;?;;Stromatoporoid;Microbe;Microbe;Micrite
Micrite;Micrite;Sparite;Micrite;Bryozoan;Micrite;;Stromatoporoid;Microbe;Microbe;Micrite
Gastropod;Sparite;;Micrite;Crinoid;Micrite;;Stromatoporoid;Microbe;Bryozoan;Stromatoporoid
Micrite;Sparite;;;Micrite;;;Stromatoporoid;Microbe;Allonema;Micrite
Micrite;;;;Micrite;;;Stromatoporoid;Microbe;Microbe;?
Micrite;;;;Micrite;;;Stromatoporoid;Microbe;Microbe;Micrite
Brachiopod;;;;Micrite;;;Tabulate Coral;;Microbe;Stromatoporoid
Micrite;;;;Crinoid;;;;;Microbe;Stromatoporoid
Brachiopod;;;;Brachiopod;;;;;Microbe;Stromatoporoid
Micrite;;;;Micrite;;;;;Microbe;
Micrite;;;;Micrite;;;;;;
Micrite;;;;Micrite;;;;;;
;;;;Tabulate Coral;;;;;;
;;;;Micrite;;;;;;
;;;;;;;;;;
;;;;;;;;;;
;;;;;;;;;;
;;;;;;;;;;
;;;;;Microbe;;;;;
;Micrite;Sparite;;Brachiopod;Microbe;Echinoderm;;;;
;Crinoid;Micrite;;Brachiopod;Microbe;?;;Microbe;Micrite;
;Crinoid;Sparite;;Brachiopod;Microbe;Brachiopod;;Microbe;?;Stromatoporoid
;Sparite;Crinoid;;Micrite;Microbe;Crinoid;;Microbe;Microbe;Stromatoporoid
;Micrite;Sparite;;Tabulate Coral;Micrite;Bryozoan;?;Microbe;Microbe;Stromatoporoid
;Brachiopod;Pyrite;;Echinoderm;Micrite;Crinoid;?;Microbe;?;Stromatoporoid
;Sparite;Sparite;;Echinoderm;Micrite;Brachiopod;Bryozoan;Microbe;Microbe;Stromatoporoid
;Sparite;?;;Micrite;Tabulate Coral_Oncoid;Brachiopod;Bryozoan;Microbe;Microbe;Stromatoporoid
;Echinoderm;Echinoderm;Micrite;Bryozoan;Tabulate Coral_Oncoid;Micrite;Tabulate Coral;Tabulate Coral;Rothpletzella;Stromatoporoid
;?;Sparite;Micrite;Micrite;Tabulate Coral_Oncoid;Microbe;Microbe;Microbe;Microbe;Stromatoporoid
;Micrite;Crinoid;Micrite;Micrite;Allonema_Oncoid;Microbe;Microbe;Microbe;Microbe;Stromatoporoid
;Microbe;?;Sparite;Crinoid;Micrite;Bryozoan;Microbe;Microbe;Microbe;Stromatoporoid
;Micrite;Echinoderm;Micrite;Crinoid;Brachiopod;Microbe;Microbe;Microbe;Microbe;Stromatoporoid
;Micrite;Crinoid;?;Crinoid;Micrite;Sparite;Microbe;Microbe;Microbe;Stromatoporoid
;Microbe;Sparite;Bryozoan;Brachiopod;Tabulate Coral_Oncoid;Brachiopod;Microbe;Microbe;Microbe;Stromatoporoid
;Sparite;Brachiopod;Trilobite;Brachiopod;Allonema_Oncoid;?;Microbe;Microbe;Microbe;Stromatoporoid
Micrite;Micrite;Sparite;Sparite;Brachiopod;Micrite;;Tabulate Coral;Microbe;Microbe;Sparite
Brachiopod;Sparite;Sparite;Sparite;Bryozoan;Tabulate Coral_Oncoid;;?;Microbe;Microbe;Stromatoporoid
Micrite;Sparite;Crinoid;Sparite;Micrite;Tabulate Coral_Oncoid;;Microbe;Microbe;Microbe;Micrite
Brachiopod;Micrite;?;Micrite;Echinoderm;Tabulate Coral_Oncoid;;Stromatoporoid;Microbe;Microbe;Micrite
Micrite;Bryozoan;Sparite;Micrite;Echinoderm;Tabulate Coral_Oncoid;;Stromatoporoid;Microbe;Sparite;Stromatoporoid
Micrite;Bryozoan;Sparite;Micrite;Sparite;Micrite;;Stromatoporoid;Microbe;Microbe;Stromatoporoid
Green Algae;Sparite;Micrite;Echinoderm;Micrite;Micrite;;Stromatoporoid;Microbe;Microbe;?
Bryozoan;Sparite;Sparite;Micrite;Brachiopod;Micrite;;Stromatoporoid;Microbe;Microbe;Micrite
Echinoderm;Brachiopod;Brachiopod;Micrite;Micrite;Micrite;;Stromatoporoid;Microbe;Microbe;Micrite
Micrite;Tabulate Coral;;Micrite;Micrite;Micrite;;Stromatoporoid;Microbe;Microbe;Stromatoporoid
Micrite;Tabulate Coral;;;Echinoderm;;;Stromatoporoid;Microbe;Microbe;Stromatoporoid
Sparite;;;;Micrite;;;Stromatoporoid;Microbe;Microbe;Stromatoporoid
Ostracod;;;;?;;;Tabulate Coral;Microbe;Microbe;Stromatoporoid
Micrite;;;;Micrite;;;Tabulate Coral;;Microbe;Stromatoporoid
Brachiopod;;;;Bryozoan;;;;;Microbe;Stromatoporoid
Micrite;;;;Bryozoan;;;;;Microbe;Stromatoporoid
Micrite;;;;;;;;;Microbe;Stromatoporoid
Micrite;;;;;;;;;;Stromatoporoid
;;;;;;;;;;Stromatoporoid
;;;;;;;;;;
;;;;;;;;;;
;;;;;;;;;;
;;;;;;;;;;
;;;;;;;;;;
;;;;;;;;;;
;;;;;Microbe;;;;;
;Micrite;Sparite;;Brachiopod;Microbe;Microbe;;Microbe;Microbe;
;Sparite;Bryozoan;;Micrite;Micrite;Microbe;;Microbe;Microbe;
;Crinoid;Sparite;;Micrite;Microbe;Microbe;;Microbe;Microbe;Stromatoporoid
;Micrite;Sparite;;Sparite;Microbe;Bryozoan;;Microbe;Microbe;Stromatoporoid
;?;Sparite;;Sparite;Crinoid;Bryozoan;;Microbe;Bryozoan;Stromatoporoid
;Sparite;Sparite;;Sparite;Bryozoan_Oncoid;Microbe;;Microbe;Microbe;Stromatoporoid
;Crinoid;Sparite;;Micrite;Bryozoan_Oncoid;Micrite;Microbe;Microbe;Microbe;Stromatoporoid
;Brachiopod;Sparite;;Micrite;Sparite;Microbe;?;Microbe;Rothpletzella;Stromatoporoid
;Sparite;Micrite;Tabulate Coral;Echinoderm;Tabulate Coral_Oncoid;Microbe;Tabulate Coral;Microbe;Microbe;Stromatoporoid
;Sparite;Brachiopod;Tabulate Coral;Micrite;Tabulate Coral_Oncoid;Microbe;Microbe;Tabulate Coral;Microbe;Stromatoporoid
;Micrite;?;Sparite;Micrite;Allonema_Oncoid;Bryozoan;Microbe;Microbe;Microbe;Stromatoporoid
;Microbe;Bryozoan;Sparite;Micrite;Micrite;Micrite;?;Microbe;Rothpletzella;Stromatoporoid
;Sparite;Sparite;Microbe;Micrite;Micrite;Microbe;Microbe;Microbe;Rothpletzella;Stromatoporoid
;Bryozoan;?;Microbe;Micrite;Micrite;Microbe;Microbe;Microbe;Microbe;Stromatoporoid
;Micrite;Sparite;Sparite;Crinoid;Tabulate Coral_Oncoid;Brachiopod;Microbe;Microbe;Microbe;Sparite
Brachiopod;Micrite;Brachiopod;Micrite;Brachiopod;Micrite;Crinoid;Microbe;Microbe;Microbe;Sparite
Micrite;Bryozoan;Echinoderm;Sparite;Brachiopod;Bryozoan_Oncoid;Micrite;Tabulate Coral;Microbe;Microbe;Sparite
Micrite;Bryozoan;Brachiopod;Bryozoan;?;Tabulate Coral_Oncoid;;Microbe;Microbe;Microbe;Micrite
Brachiopod;Sparite;Brachiopod;?;Echinoderm;Tabulate Coral_Oncoid;;Microbe;Microbe;Microbe;?
Micrite;Bryozoan;Sparite;Bryozoan;Micrite;Tabulate Coral_Oncoid;;Stromatoporoid;Microbe;Microbe;Crinoid
Micrite;Sparite;Sparite;Micrite;Micrite;Micrite;;Stromatoporoid;Microbe;Microbe;Sparite
Micrite;Crinoid;Brachiopod;Sparite;Bryozoan;Micrite;;Stromatoporoid;Microbe;Microbe;Stromatoporoid
Green Algae;Micrite;Crinoid;Sparite;Crinoid;Tabulate Coral_Oncoid;;Stromatoporoid;?;Microbe;Stromatoporoid
Sparite;Micrite;?;Crinoid;Brachiopod;Tabulate Coral_Oncoid;;Stromatoporoid;Microbe;Sparite;Stromatoporoid
Sparite;Crinoid;Microbe;Sparite;Brachiopod;Micrite;;Stromatoporoid;Microbe;Microbe;Stromatoporoid
Micrite;Micrite;;Micrite;Micrite;Crinoid;;Stromatoporoid;Microbe;Microbe;Stromatoporoid
Micrite;Sparite;;;Brachiopod;;;Stromatoporoid;Microbe;Microbe;Stromatoporoid
Micrite;;;;Micrite;;;Stromatoporoid;Bryozoan;Sparite;Stromatoporoid
Micrite;;;;;;;Tabulate Coral;Microbe;Bryozoan;Stromatoporoid
Sparite;;;;;;;Tabulate Coral;Microbe;Microbe;Stromatoporoid
Sparite;;;;;;;;Microbe;Microbe;Stromatoporoid
Brachiopod;;;;;;;;;Microbe;Stromatoporoid
Pyrite;;;;;;;;;Microbe;Stromatoporoid
Micrite;;;;;;;;;;Stromatoporoid
Micrite;;;;;;;;;;Stromatoporoid
;;;;;;;;;;Stromatoporoid
;;;;;;;;;;
;;;;;;;;;;
;;;;;;;;;;
;;;;;;;;;;
;;;;;;;;;;
;;;;;;;;;;
;Micrite;Sparite;;Micrite;Tabulate Coral;;;Microbe;Microbe;
;Tabulate Coral;Pyrite;;Micrite;Tabulate Coral;Microbe;;Microbe;Microbe;
;Sparite;Sparite;;Bryozoan;Tabulate Coral;Micrite;;Microbe;Microbe;Stromatoporoid
;Sparite;Sparite;;Crinoid;Microbe;Micrite;;Microbe;Microbe;Stromatoporoid
;Brachiopod;Sparite;;Micrite;Microbe;Bryozoan;;Microbe;Microbe;Stromatoporoid
;Micrite;Sparite;;Micrite;Microbe;Bryozoan;;Microbe;Microbe;Stromatoporoid
;Crinoid;Sparite;;Micrite;Micrite;Micrite;?;Microbe;Microbe;Stromatoporoid
;Sparite;Sparite;;Micrite;Bryozoan;Microbe;?;Brachiopod;Microbe;Micrite
;Sparite;Brachiopod;;Micrite;Tabulate Coral_Oncoid;Microbe;Tabulate Coral;Microbe;Microbe;Micrite
;Crinoid;Sparite;Sparite;Crinoid;Tabulate Coral_Oncoid;Microbe;Microbe;Bryozoan;Microbe;Micrite
;Micrite;Crinoid;Tabulate Coral;Crinoid;Tabulate Coral_Oncoid;Microbe;?;Tabulate Coral;Rothpletzella;Micrite
;Microbe;Sparite;Micrite;Micrite;Tabulate Coral;Micrite;Microbe;Tabulate Coral;Rothpletzella;Stromatoporoid
;Microbe;Tabulate Coral;Micrite;Micrite;Microbe;Micrite;Microbe;Microbe;Rothpletzella;Stromatoporoid
;Microbe;Sparite;Sparite;Crinoid;Tabulate Coral_Oncoid;Micrite;Microbe;Microbe;Rothpletzella;Stromatoporoid
Micrite;Brachiopod;Crinoid;Sparite;Micrite;Tabulate Coral_Oncoid;Microbe;Crinoid;Microbe;Allonema;Stromatoporoid
Micrite;Tabulate Coral;Trilobite;Stromatoporoid_Oncoid;Micrite;Bryozoan;Micrite;Microbe;Microbe;Microbe;Stromatoporoid
Micrite;Bryozoan;?;Stromatoporoid_Oncoid;Brachiopod;Tabulate Coral_Oncoid;Micrite;Tabulate Coral;Microbe;Allonema;Stromatoporoid
Micrite;Sparite;Sparite;Sparite;Micrite;Tabulate Coral_Oncoid;Crinoid;Crinoid;Microbe;Allonema;?
Micrite;?;Sparite;Sparite;Bryozoan;Tabulate Coral_Oncoid;Crinoid;Microbe;Microbe;Microbe;?
Brachiopod;Bryozoan;Sparite;?;Crinoid;Micrite;;Stromatoporoid;Microbe;Microbe;Crinoid
Sparite;Bryozoan;?;Bryozoan;Crinoid;Crinoid;;Stromatoporoid;Microbe;Microbe;Micrite
Brachiopod;Bryozoan;Sparite;Micrite;Micrite;Crinoid;;Stromatoporoid;Microbe;Microbe;Micrite
Micrite;Brachiopod;Crinoid;?;Sparite;Tabulate Coral_Oncoid;;Stromatoporoid;Microbe;Microbe;Sparite
Micrite;?;Bryozoan;Micrite;Brachiopod;Tabulate Coral_Oncoid;;Stromatoporoid;Microbe;Microbe;Stromatoporoid
Brachiopod;Brachiopod;Sparite;Bryozoan;Micrite;Sparite;;Stromatoporoid;Microbe;Microbe;Micrite
Sparite;Sparite;;Micrite;Micrite;Micrite;;Stromatoporoid;Microbe;Microbe;Stromatoporoid
Gastropod;Micrite;;;Micrite;Micrite;;Microbe;Bryozoan;Microbe;Stromatoporoid
Micrite;;;;;Bryozoan;;Tabulate Coral;Bryozoan;Microbe;Stromatoporoid
Stromatoporoid;;;;;;;Tabulate Coral;Bryozoan;Microbe;Sparite
Sparite;;;;;;;Tabulate Coral;Microbe;Microbe;Stromatoporoid
Micrite;;;;;;;;Microbe;Microbe;Stromatoporoid
Sparite;;;;;;;;Microbe;Microbe;Stromatoporoid
Micrite;;;;;;;;;Microbe;Stromatoporoid
Micrite;;;;;;;;;;Stromatoporoid
Micrite;;;;;;;;;;Stromatoporoid
;;;;;;;;;;
;;;;;;;;;;
;;;;;;;;;;
;;;;;;;;;;
;;;;;;;;;;
;;;;;;;;;;
;;;;;;;;;;
;Micrite;Sparite;;Crinoid;;;;Bryozoan;Microbe;
;Bryozoan;Sparite;;Brachiopod;Tabulate Coral;;;Microbe;Microbe;
;Microbe_Oncoid;Sparite;;Micrite;Tabulate Coral;Microbe;;Microbe;Microbe;Stromatoporoid
;Brachiopod;Sparite;;Micrite;Micrite;Bryozoan;;Microbe;Microbe;Stromatoporoid
;Micrite;Sparite;;Crinoid;Microbe;Micrite;;Microbe;Microbe;Stromatoporoid
;;Echinoderm;;Micrite;Microbe;Micrite;;Microbe;Microbe;Stromatoporoid
;Micrite;Sparite;;Micrite;Bryozoan;Microbe;;Microbe;Allonema;Stromatoporoid
;Sparite;Sparite;;Crinoid;Bryozoan;Micrite;Microbe;Microbe;Microbe;Stromatoporoid
;Sparite;Crinoid;;Bryozoan;Sparite;Microbe;?;Microbe;Microbe;Micrite
;Sparite;Sparite;Microbe;Micrite;Allonema;Crinoid;Tabulate Coral;Bryozoan;Microbe;Micrite
;Sparite;Microbe;Bryozoan;Crinoid;Microbe;Microbe;Microbe;Microbe;Microbe;Stromatoporoid
;Microbe;Tabulate Coral;Tabulate Coral;Micrite;Microbe;Microbe;Microbe;Allonema;Microbe;Stromatoporoid
;Bryozoan;Sparite;Tabulate Coral;Sparite;Micrite;Micrite;Microbe;Microbe;Bryozoan;Stromatoporoid
;Bryozoan;Crinoid;Micrite;Tabulate Coral;Tabulate Coral_Oncoid;Bryozoan;Microbe;Microbe;Microbe;Stromatoporoid
;Sparite;Crinoid;Sparite;Tabulate Coral;Microbe;Micrite;Microbe;Microbe;Allonema;Stromatoporoid
Micrite;Microbe;Crinoid;Stromatoporoid_Oncoid;Bryozoan;Sparite;Micrite;Allonema;Microbe;Allonema;Stromatoporoid
Micrite;Sparite;Tabulate Coral;Stromatoporoid_Oncoid;Micrite;Sparite;Micrite;Tabulate Coral;Microbe;Allonema;Stromatoporoid
Micrite;Crinoid;?;Microbe_Oncoid;?;Sparite;Micrite;Microbe;Microbe;Allonema;?
Micrite;?;Echinoderm;Sparite;Micrite;Microbe;Micrite;Microbe;Microbe;Microbe;Micrite
Micrite;Micrite;Sparite;Micrite;Echinoderm;Microbe;;Microbe;Microbe;Microbe;?
Brachiopod;Sparite;Sparite;Sparite;Sparite;Bryozoan;;Microbe;Microbe;Microbe;Micrite
Micrite;Crinoid;Sparite;Micrite;Micrite;Microbe;;Stromatoporoid;Microbe;Microbe;Bryozoan
Brachiopod;Brachiopod;Sparite;Micrite;Crinoid;Sparite;;Stromatoporoid;Microbe;Microbe;Bryozoan
Micrite;Sparite;Bryozoan;Micrite;Crinoid;Tabulate Coral_Oncoid;;Stromatoporoid;Microbe;Microbe;Stromatoporoid
Sparite;Bryozoan;Sparite;Micrite;Micrite;Tabulate Coral_Oncoid;;Microbe;Microbe;Microbe;Stromatoporoid
Micrite;Microbe;Sparite;Sparite;Micrite;Sparite;;Allonema;Bryozoan;Microbe;Stromatoporoid
Bryozoan;Micrite;;;;Microbe;;Tabulate Coral;Bryozoan;Microbe;Stromatoporoid
Micrite;;;;;Micrite;;Tabulate Coral;Bryozoan;Sparite;Stromatoporoid
Stromatoporoid;;;;;Bryozoan;;Tabulate Coral;Bryozoan;Microbe;Stromatoporoid
Sparite;;;;;;;;Sparite;Microbe;Stromatoporoid
Brachiopod;;;;;;;;Microbe;Microbe;Stromatoporoid
Sparite;;;;;;;;Microbe;Microbe;Stromatoporoid
Brachiopod;;;;;;;;;Microbe;Stromatoporoid
Sparite;;;;;;;;;;Stromatoporoid
Sparite;;;;;;;;;;Stromatoporoid
Micrite;;;;;;;;;;
Micrite;;;;;;;;;;
;;;;;;;;;;
;;;;;;;;;;
;;;;;;;;;;
;;;;;;;;;;
;;;;;;;;;;
;;Sparite;;Tabulate Coral;;;;Microbe;Microbe;
;Sparite;?;;Micrite;;;;Bryozoan;Allonema;
;Green Algae;Sparite;;;;;;Microbe;Microbe;Stromatoporoid
;Echinoderm;Bryozoan;;;Microbe;;;Microbe;Allonema;Stromatoporoid
;Microbe;Sparite;;Micrite;Microbe;Microbe;;Microbe;Microbe;Stromatoporoid
;;Sparite;;Brachiopod;Microbe;Microbe;;Microbe;Microbe;Stromatoporoid
;;?;;Micrite;Microbe;Microbe;;Microbe;Microbe;Stromatoporoid
;Bryozoan;Sparite;;Bryozoan;Microbe;Sparite;Microbe;Microbe;Microbe;Stromatoporoid
;Crinoid;Sparite;;?;Micrite;Microbe;Microbe;Microbe;Microbe;Stromatoporoid
;Sparite;?;Microbe;Micrite;Bryozoan;Microbe;Tabulate Coral;Microbe;Microbe;Stromatoporoid
;Micrite;Sparite;Tabulate Coral;Micrite;Bryozoan;Microbe;Microbe;Microbe;Allonema;Stromatoporoid
;?;Brachiopod;Microbe;Bryozoan;Micrite;Microbe;Microbe;Microbe;Microbe;Stromatoporoid
;Microbe;Brachiopod;?;Micrite;Tabulate Coral_Oncoid;Tabulate Coral;Microbe;Microbe;Microbe;Stromatoporoid
;Microbe;Brachiopod;Brachiopod;Tabulate Coral;Bryozoan;Tabulate Coral;Microbe;Microbe;Microbe;Sparite
Tabulate Coral;Bryozoan;Brachiopod;Microbe_Oncoid;Micrite;Bryozoan;Tabulate Coral;Microbe;Microbe;Allonema;Sparite
Tabulate Coral;Bryozoan;?;Stromatoporoid_Oncoid;Micrite;Tabulate Coral_Oncoid;Bryozoan;Tabulate Coral;Microbe;Microbe;Stromatoporoid
?;Sparite;Brachiopod;Stromatoporoid_Oncoid;Crinoid;Tabulate Coral_Oncoid;Micrite;Microbe;Microbe;Microbe;Stromatoporoid
Sparite;Sparite;Sparite;Stromatoporoid_Oncoid;Micrite;Microbe_Oncoid;Micrite;Microbe;Microbe;Microbe;Stromatoporoid
Brachiopod;Sparite;Sparite;Sparite;Brachiopod;Microbe ;Brachiopod;Microbe;Microbe;Microbe;Stromatoporoid
Micrite;Micrite;?;Micrite;Crinoid;Microbe ;;Bryozoan;Microbe;Microbe;Stromatoporoid
Micrite;Sparite;Sparite;Micrite;Micrite;Microbe ;;Microbe;Microbe;Microbe;Micrite
Micrite;Bryozoan;Micrite;Micrite;Crinoid;Bryozoan;;Microbe;Microbe;Allonema;Micrite
Micrite;Sparite;Sparite;Micrite;Crinoid;Microbe;;Microbe;Microbe;Bryozoan;Stromatoporoid
Sparite;;Echinoderm;Micrite;Micrite;Crinoid;;Microbe;Microbe;Microbe;Stromatoporoid
Micrite;Micrite;Crinoid;?;Micrite;Tabulate Coral_Oncoid;;Microbe;Ostracod;Microbe;Stromatoporoid
Sparite;;Tabulate Coral;;;Tabulate Coral_Oncoid;;Microbe;Microbe;Microbe;Stromatoporoid
Stromatoporoid;;;;;Tabulate Coral_Oncoid;;Microbe;Sparite;Microbe;Stromatoporoid
Sparite;;;;;Microbe_Oncoid;;Tabulate Coral;Microbe;Microbe;Stromatoporoid
Micrite;;;;;Tabulate Coral_Oncoid;;Tabulate Coral;Microbe;Bryozoan;Stromatoporoid
Micrite;;;;;Tabulate Coral_Oncoid;;Tabulate Coral;Microbe;Microbe;Stromatoporoid
Micrite;;;;;;;;Microbe;Microbe;Stromatoporoid
?;;;;;;;;Microbe;Bryozoan;Stromatoporoid
Echinoderm;;;;;;;;;Microbe;Stromatoporoid
Brachiopod;;;;;;;;;Microbe;Stromatoporoid
;;;;;;;;;Microbe;
;;;;;;;;;;
;;;;;;;;;;
;;;;;;;;;;
;;;;;;;;;;
;;;;;;;;;;
;;;;;;;;;;
;;;;Micrite;;;;;;
;;Sparite;;Micrite;;;;Ostracod;Allonema;
;;Sparite;;;;;;Microbe;Microbe;
;;Sparite;;;;;;Microbe;Allonema;Stromatoporoid
;;Bryozoan;;;;;;Microbe;Allonema;Sparite
;;Tabulate Coral;;;Microbe;;;Microbe;Allonema;Sparite
;;Sparite;;;Microbe;Microbe;;Microbe;Microbe;Stromatoporoid
;;Micrite;;;Microbe;Microbe;;Microbe;Bryozoan;Stromatoporoid
;Micrite;Crinoid;;;Micrite;Bryozoan;;Microbe;Microbe;Stromatoporoid
;Micrite;?;;;Bryozoan;Bryozoan;Microbe;Microbe;Microbe;Stromatoporoid
;Trilobite;Sparite;;;Micrite;Brachiopod;Tabulate Coral;Microbe;Microbe;Stromatoporoid
;Echinoderm;?;Micrite;;Bryozoan;Brachiopod;Micrite;Bryozoan;Microbe;Stromatoporoid
;;Sparite;Sparite;Bryozoan;Micrite;Microbe;Microbe;Microbe;Sparite;Stromatoporoid
;Tabulate Coral;Sparite;Bryozoan;Crinoid;Tabulate Coral_Oncoid;Brachiopod;Microbe;Microbe;Allonema;Sparite
;Micrite;Sparite;Tabulate Coral;Tabulate Coral;?;Micrite;Echinoderm;Microbe;Allonema;Sparite
Tabulate Coral;Sparite;Sparite;Sparite;Crinoid;Micrite;Micrite;Allonema;Microbe;Allonema;Sparite
Tabulate Coral;Sparite;Sparite;Micrite;Micrite;Tabulate Coral_Oncoid;Micrite;Tabulate Coral;Microbe;Allonema;Stromatoporoid
Sparite;Sparite;?;Allonema_Oncoid;Micrite;Tabulate Coral_Oncoid;Crinoid;Microbe;Microbe;Allonema;Sparite
Micrite;;Tabulate Coral;Stromatoporoid_Oncoid;Brachiopod;Microbe;Brachiopod;Microbe;Microbe;Allonema;Stromatoporoid
Micrite;;Micrite;Stromatoporoid_Oncoid;Micrite;Microbe;Micrite;Microbe;Microbe;Allonema;Stromatoporoid
Micrite;;Bryozoan;Microbe_Oncoid;Tabulate Coral;Microbe;;Microbe;Microbe;Microbe;Stromatoporoid
Micrite;;Sparite;Sparite;Micrite;Microbe;;Microbe;Microbe;Microbe;Stromatoporoid
Micrite;;Sparite;Sparite;Crinoid;Microbe;;Microbe;Microbe;Bryozoan;Stromatoporoid
Micrite;;?;Sparite;Crinoid;Microbe;;Microbe;Microbe;Microbe;Stromatoporoid
Micrite;;Crinoid;Micrite;Tabulate Coral;Crinoid;;Microbe;Ostracod;Microbe;Stromatoporoid
Sparite;;Sparite;Micrite;Micrite;Microbe;;Microbe;Microbe;Microbe;Stromatoporoid
Sparite;;;Sparite;;Tabulate Coral_Oncoid;;Microbe;Microbe;Microbe;Stromatoporoid
Micrite;;;;;Tabulate Coral_Oncoid;;Microbe;Pentameride Brachiopod;Microbe;Stromatoporoid
Crinoid;;;;;Tabulate Coral_Oncoid;;Tabulate Coral;Bryozoan;Microbe;Stromatoporoid
Micrite;;;;;Tabulate Coral_Oncoid;;Tabulate Coral;Microbe;Microbe;Stromatoporoid
Sparite;;;;;;;Tabulate Coral;Microbe;Microbe;Micrite
Sparite;;;;;;;;Microbe;Microbe;Micrite
?;;;;;;;;Microbe;Microbe;Rothpletzella
Sparite;;;;;;;;;Microbe;
Micrite;;;;;;;;;;
;;;;;;;;;;
;;;;;;;;;;
;;;;;;;;;;
;;;;;;;;;;
;;;;;;;;;;
;;;;;;;;;;
;;;;;;;;;;
;;;;;;;;;;
;;Sparite;;;;;;;Allonema;
;;Crinoid;;;;;;Microbe;Bryozoan;
;;Sparite;;;;;;Microbe;Allonema;Sparite
;;Microbe_Oncoid;;;;;;Microbe;Microbe;Sparite
;;Tabulate Coral_Oncoid;;;;;;Microbe;Bryozoan;Sparite
;;Tabulate Coral_Oncoid;;;;;;Microbe;Microbe;Sparite
;;Sparite;;;Microbe;Microbe;;Microbe;Microbe;Sparite
;;?;;;Microbe;Microbe;;Bryozoan;Microbe;Sparite
;;Sparite;;;Microbe;Microbe;;Microbe;Bryozoan;Stromatoporoid
;;Brachiopod;;;Bryozoan;Microbe;Micrite;Bryozoan;Microbe;Stromatoporoid
;;Bryozoan;;;Bryozoan;Microbe;Tabulate Coral;Microbe;Allonema;Stromatoporoid
;;Sparite;Crinoid;;Bryozoan;Microbe;Microbe;Microbe;Allonema;Stromatoporoid
;;Bryozoan;Crinoid;;Microbe;Microbe;Micrite;Microbe;Allonema;Stromatoporoid
Micrite;;Bryozoan;Tabulate Coral;;Microbe;Bryozoan;Microbe;Microbe;Allonema;Stromatoporoid
Tabulate Coral;;Sparite;Tabulate Coral;;Microbe;Sparite;Tabulate Coral;Microbe;Allonema;Stromatoporoid
Brachiopod;;Micrite;?;;Tabulate Coral_Oncoid;Bryozoan;Tabulate Coral;Microbe;Allonema;Stromatoporoid
Micrite;;Brachiopod;Micrite;;Microbe;Micrite;Microbe;Microbe;Microbe;Stromatoporoid
Sparite;;Micrite;Microbe_Oncoid;Bryozoan;Microbe;?;Microbe;Microbe;Microbe;Stromatoporoid
Mollusc;;Micrite;Allonema_Oncoid;Bryozoan;Microbe;Brachiopod;Crinoid;Microbe;Microbe;Sparite
Micrite;;Sparite;Allonema_Oncoid;Brachiopod;Microbe;;Microbe;Microbe;Microbe;Stromatoporoid
Micrite;;Sparite;Sparite;Crinoid;Microbe;;Microbe;Microbe;Bryozoan;Stromatoporoid
Micrite;;Sparite;Sparite;Crinoid;Microbe;;Microbe;Microbe;Microbe;Stromatoporoid
Sparite;;Sparite;Sparite;Crinoid;Microbe;;Microbe;Microbe;Microbe;Stromatoporoid
Brachiopod;;Sparite;Micrite;Tabulate Coral;Microbe;;Microbe;Microbe;Microbe;Stromatoporoid
Sparite;;Micrite;Micrite;;Bryozoan;;Microbe;Microbe;Microbe;Stromatoporoid
Echinoderm;;Sparite;Micrite;;Bryozoan;;Microbe;Microbe;Microbe;Stromatoporoid
?;;;;;Micrite;;Microbe;Pentameride Brachiopod;Microbe;Stromatoporoid
Sparite;;;;;Tabulate Coral_Oncoid;;Tabulate Coral;Microbe;Microbe;Stromatoporoid
Micrite;;;;;;;;Microbe;Microbe;Micrite
Micrite;;;;;;;;Microbe;Microbe;
Micrite;;;;;;;;Sparite;Microbe;
Micrite;;;;;;;;;Microbe;
Echinoderm;;;;;;;;;Microbe;
;;;;;;;;;;
;;;;;;;;;;
;;;;;;;;;;
;;;;;;;;;;
;;;;;;;;;;
;;;;;;;;;;
;;;;;;;;;;
;;;;;;;;;;
;;;;;;;;;;
;;Micrite;;;;;;;Microbe;
;;Micrite;;;;;;Microbe;Bryozoan;
;;Sparite;;;;;;Microbe;Bryozoan;Sparite
;;Micrite;;;;;;Bryozoan;Microbe;Stromatoporoid
;;Echinoderm;;;;;;Microbe;Bryozoan;Sparite
;;Bryozoan;;;;;;Microbe;Microbe;Sparite
;;Bryozoan;;;;;;Microbe;Microbe;Sparite
Micrite;;Sparite;;;Bryozoan;Sparite;;Microbe;Microbe;Sparite
Micrite;;Sparite;;;Bryozoan;Microbe;;Microbe;Microbe;Sparite
Sparite;;Crinoid;;;Bryozoan;Brachiopod;Tabulate Coral;Bryozoan;Microbe;Sparite
Micrite;;Micrite;;;Bryozoan;Microbe;Tabulate Coral;Bryozoan;Microbe;Sparite
Brachiopod;;Micrite;;;Microbe;Bryozoan;Tabulate Coral;Microbe;Allonema;Sparite
Micrite;;Echinoderm;?;;Microbe;Microbe;Microbe;Microbe;Microbe;Stromatoporoid
Micrite;;Echinoderm;Tabulate Coral;;Microbe;Tabulate Coral;Microbe;Microbe;Allonema;Stromatoporoid
Bryozoan;;Micrite;Tabulate Coral;;Microbe;Microbe;Tabulate Coral;Microbe;Microbe;Stromatoporoid
Micrite;;Micrite;Micrite;;Microbe;Microbe;Tabulate Coral;Microbe;Microbe;Stromatoporoid
Micrite;;Sparite;Micrite;;Microbe;Sparite;Crinoid;Microbe;Allonema;Stromatoporoid
Micrite;;Stromatoporoid;Sparite;;Microbe;Microbe;Microbe;Microbe;Microbe;Stromatoporoid
Sparite;;Sparite;Sparite;;Microbe;Brachiopod;Microbe;Microbe;Microbe;Stromatoporoid
Sparite;;Crinoid;Sparite;;Microbe;Micrite;Microbe;Microbe;Microbe;Stromatoporoid
Micrite;;Sparite;Sparite;;Microbe;;Microbe;Microbe;Microbe;Stromatoporoid
Micrite;;Sparite;Sparite;;Microbe;;Microbe;Microbe;Microbe;Stromatoporoid
Micrite;;Bryozoan;Sparite;;Microbe;;Microbe;Microbe;Microbe;Stromatoporoid
?;;Bryozoan;Micrite;;Microbe;;Microbe;Microbe;Microbe;Stromatoporoid
Micrite;;Sparite;Micrite;;Microbe;;Microbe;Mollusc;Bryozoan;Stromatoporoid
Micrite;;Sparite;Crinoid;;Micrite;;;Pentameride Brachiopod;Microbe;Sparite
Micrite;;;;;Bryozoan;;;Pentameride Brachiopod;Microbe;Sparite
Micrite;;;;;;;;Microbe;Microbe;Micrite
Micrite;;;;;;;;Microbe;Microbe;
;;;;;;;;Microbe;Microbe;
;;;;;;;;;Microbe;
;;;;;;;;;Bryozoan;
;;;;;;;;;;
;;;;;;;;;;
;;;;;;;;;;
;;;;;;;;;;
;;;;;;;;;;
;;;;;;;;;;
;;;;;;;;;;
;;;;;;;;;;
;;;;;;;;;;
;;;;;;;;;;
;;Sparite;;;;;;;Microbe;
;;Micrite;;;;;;Bryozoan;Bryozoan;
;;Micrite;;;;;;Bryozoan;Bryozoan;Stromatoporoid
;;Brachiopod;;;;;;Bryozoan;Microbe;Stromatoporoid
;;Bryozoan;;;;;;Microbe;Bryozoan;Stromatoporoid
;;Micrite;;;;;;Sparite;Microbe;Sparite
Trilobite;;Sparite;;;;;;Microbe;Microbe;Sparite
Micrite;;Sparite;;;Microbe;Microbe;;Microbe;Bryozoan;Sparite
Sparite;;?;;;Microbe;Microbe;Tabulate Coral;Microbe;Microbe;Sparite
Sparite;;Echinoderm;;;Microbe;Brachiopod;Tabulate Coral;Microbe;Bryozoan;Sparite
Micrite;;Sparite;;;Microbe;Microbe;Tabulate Coral;Microbe;Microbe;Sparite
Brachiopod;;Mollusc;;;Microbe;Brachiopod;Tabulate Coral;Microbe;Microbe;Sparite
Sparite;;?;Crinoid;;Microbe;Brachiopod;?;Microbe;Microbe;Sparite
Sparite;;Echinoderm;Tabulate Coral;;Microbe;Tabulate Coral;Micrite;Microbe;Microbe;Stromatoporoid
Micrite;;?;?;;Microbe;Microbe;Tabulate Coral;Microbe;Microbe;Stromatoporoid
Micrite;;Bryozoan;Tabulate Coral;;Microbe;Microbe;Micrite;Microbe;Microbe;Stromatoporoid
Sparite;;Stromatoporoid;Sparite;;Microbe;Crinoid;Microbe;Microbe;Microbe;Stromatoporoid
Mollusc;;Stromatoporoid;?;;Microbe;Microbe;Microbe;Microbe;Bryozoan;Stromatoporoid
Micrite;;Bryozoan;Sparite;;Microbe;Brachiopod;Microbe;Microbe;Microbe;Stromatoporoid
Micrite;;Crinoid;Micrite;;Microbe;Micrite;Microbe;Microbe;Microbe;Stromatoporoid
Rostroconch;;Crinoid;Sparite;;Microbe;Micrite;Bryozoan;Microbe;Bryozoan;Stromatoporoid
Echinoderm;;Sparite;Micrite;;Microbe;;Microbe;Microbe;Microbe;Stromatoporoid
Sparite;;Allonema;Sparite;;Microbe;;;Microbe;Echinoderm;Stromatoporoid
Sparite;;Allonema;Sparite;;;;;Microbe;Bryozoan;Stromatoporoid
Sparite;;Bryozoan;Micrite;;;;;Microbe;Microbe;Stromatoporoid
Micrite;;;Sparite;;;;;Microbe;Microbe;Stromatoporoid
Micrite;;;Ostracod;;;;;Microbe;Bryozoan;Micrite
Micrite;;;;;;;;Pentameride Brachiopod;Bryozoan;
;;;;;;;;Microbe;Microbe;
;;;;;;;;Microbe;Microbe;
;;;;;;;;Microbe;Bryozoan;
;;;;;;;;;Microbe;
;;;;;;;;;;
;;;;;;;;;;
;;;;;;;;;;
;;;;;;;;;;
;;;;;;;;;;
;;;;;;;;;;
;;;;;;;;;;
;;;;;;;;;;
;;;;;;;;;;
;;;;;;;;;;
;;Micrite;;;;;;;Microbe;
;;Trilobite;;;;;;;Microbe;
;;Sparite;;;;;;Bryozoan;Microbe;Stromatoporoid
;;Bryozoan;;;;;;Bryozoan;Bryozoan;Stromatoporoid
Micrite;;Sparite;;;;;;Bryozoan;Bryozoan;Stromatoporoid
Sparite;;Sparite;;;;;;Microbe;Microbe;Stromatoporoid
?;;Micrite;;;;;;Microbe;Sparite;Sparite
Crinoid;;Micrite;;;;;;Microbe;Microbe;Sparite
Micrite;;Micrite;;;Microbe;Microbe;Tabulate Coral;Microbe;Bryozoan;Sparite
Micrite;;Crinoid;;;Microbe;Sparite;Tabulate Coral;Microbe;Sparite;Sparite
Trilobite;;?;;;Microbe;Micrite;Tabulate Coral;Microbe;Microbe;Sparite
Micrite;;Tabulate Coral;;;Microbe;Brachiopod;Tabulate Coral;Microbe;Microbe;Sparite
Microbe_Oncoid;;Sparite;;;Microbe;Brachiopod;;Microbe;Microbe;Sparite
Brachiopod_Oncoid;;Sparite;;;Microbe;Microbe;;Microbe;Microbe;Sparite
Trilobite;;Sparite;?;;Microbe;Microbe;;Microbe;Microbe;Stromatoporoid
Bryozoan;;Bryozoan;Sparite;;Microbe;?;;Microbe;Microbe;Stromatoporoid
Trilobite;;Bryozoan;Echinoderm;;Sparite;Bryozoan;Crinoid;Microbe;Microbe;Stromatoporoid
Micrite;;Sparite;Sparite;;Microbe;Bryozoan;Microbe;Microbe;Microbe;Stromatoporoid
Sparite;;Sparite;Micrite;;Microbe;Micrite;Microbe;Microbe;Brachiopod;Stromatoporoid
Crinoid;;Crinoid;Brachiopod;;Microbe;Micrite;;Microbe;Brachiopod;Stromatoporoid
Sparite;;Sparite;Echinoderm;;Microbe;?;;Microbe;Microbe;Stromatoporoid
Micrite;;Sparite;Micrite;;Microbe;Micrite;;Microbe;Sparite;Stromatoporoid
Bryozoan;;Sparite;Sparite;;;;;Microbe;Bryozoan;Stromatoporoid
Echinoderm;;Crinoid;Sparite;;;;;Microbe;Bryozoan;Stromatoporoid
Micrite;;Crinoid;?;;;;;Microbe;Bryozoan;Stromatoporoid
Micrite;;;Echinoderm;;;;;Microbe;Microbe;Stromatoporoid
;;;Sparite;;;;;Pentameride Brachiopod;Microbe;
;;;Crinoid;;;;;Microbe;Microbe;
;;;;;;;;Microbe;Microbe;
;;;;;;;;Microbe;Microbe;
;;;;;;;;Microbe;Microbe;
;;;;;;;;;;
;;;;;;;;;;
;;;;;;;;;;
;;;;;;;;;;
;;;;;;;;;;
;;;;;;;;;;
;;;;;;;;;;
;;;;;;;;;;
;;;;;;;;;;
;;;;;;;;;;
;;;;;;;;;Microbe;
;;Tabulate Coral;;;;;;;Bryozoan;
;;Sparite;;;;;;;Bryozoan;
;;Micrite;;;;;;Microbe;Bryozoan;Stromatoporoid
;;Crinoid;;;;;;Bryozoan;Microbe;Stromatoporoid
?;;Crinoid;;;;;;Microbe;Bryozoan;Stromatoporoid
Tabulate Coral;;Crinoid;;;;;;Microbe;Bryozoan;Stromatoporoid
Echinoderm;;Micrite;;;;;;Microbe;Microbe;Stromatoporoid
Sparite;;Micrite;;;;;;Microbe;Microbe;Stromatoporoid
Sparite;;Crinoid;;;;Microbe;;Microbe;Microbe;Stromatoporoid
Micrite;;Crinoid;;;Microbe;Microbe;Micrite;Microbe;Bryozoan;Stromatoporoid
Brachiopod_Oncoid;;Micrite;;;Microbe;Microbe;;Microbe;Microbe;Micrite
?;;Sparite;;;Microbe;Microbe;;Microbe;Microbe;Micrite
Sparite;;Micrite;;;Microbe;Microbe;;Bryozoan;Bryozoan;Micrite
Micrite;;Bryozoan;;;Microbe;Microbe;;Microbe;Microbe;Micrite
Echinoderm;;Bryozoan;;;Microbe;Bryozoan;;Microbe;Microbe;Stromatoporoid
Sparite;;Sparite;Micrite;;Microbe;Microbe;;Microbe;Microbe;Stromatoporoid
Micrite;;Sparite;Bryozoan;;Bryozoan;Sparite;;Microbe;Microbe;Stromatoporoid
Sparite;;Sparite;Sparite;;Microbe;Micrite;;Microbe;Microbe;Stromatoporoid
Sparite;;Crinoid;Echinoderm;;Microbe;Crinoid;;Microbe;Microbe;Stromatoporoid
Micrite;;Tabulate Coral;?;;Microbe;Bryozoan;;Microbe;Brachiopod;Stromatoporoid
Sparite;;Sparite;Micrite;;Microbe;Micrite;;Microbe;Crinoid;Stromatoporoid
Micrite;;Sparite;Ostracod;;;Micrite;;Microbe;Bryozoan;Stromatoporoid
Micrite;;Sparite;Crinoid;;;;;Ostracod;Bryozoan;Stromatoporoid
Brachiopod;;Tabulate Coral;Micrite;;;;;Microbe;Bryozoan;Microbe
Micrite;;Crinoid;Sparite;;;;;Pentameride Brachiopod;Microbe;Stromatoporoid
;;?;Micrite;;;;;Microbe;Microbe;Stromatoporoid
;;;Tabulate Coral_Oncoid;;;;;Echinoderm;Microbe;
;;;Micrite;;;;;Microbe;Bryozoan;
;;;Crinoid_Oncoid;;;;;Microbe;Bryozoan;
;;;;;;;;Microbe;Bryozoan;
;;;;;;;;;;
;;;;;;;;;;
;;;;;;;;;;
;;;;;;;;;;
;;;;;;;;;;
;;;;;;;;;;
;;;;;;;;;;
;;;;;;;;;;
;;;;;;;;;;
;;;;;;;;;;
;;;;;;;;;;
;;;;;;;;;Microbe;
;;Sparite;;;;;;;Bryozoan;
;;Echinoderm;;;;;;;Bryozoan;
;;Echinoderm;;;;;;Microbe;Microbe;Stromatoporoid
;;Echinoderm;;;;;;Bryozoan;Sparite;Stromatoporoid
Sparite;;Echinoderm;;;;;;Microbe;Bryozoan;Stromatoporoid
Micrite;;Micrite;;;;;;Microbe;Bryozoan;Stromatoporoid
Echinoderm;;Mollusc;;;;;;Microbe;Microbe;Stromatoporoid
Sparite;;Mollusc;;;;;;Microbe;Micrite;Stromatoporoid
Brachiopod_Oncoid;;Mollusc;;;;;;Bryozoan;Sparite;Stromatoporoid
Micrite;;?;;;;Brachiopod;;Bryozoan;Microbe;Stromatoporoid
Micrite;;Bryozoan;;;Microbe;Micrite;;Microbe;Microbe;Stromatoporoid
Micrite;;Bryozoan;;;Microbe;Micrite;;Microbe;Microbe;Stromatoporoid
Micrite;;Tabulate Coral;;;Microbe;Micrite;;Microbe;Sparite;Stromatoporoid
Brachiopod;;Sparite;;;Microbe;Microbe;;Microbe;Bryozoan;Stromatoporoid
Micrite;;Sparite;;;Microbe;Microbe;;Allonema;Microbe;Stromatoporoid
Micrite;;Crinoid;Sparite;;Microbe;Microbe;;Microbe;Microbe;Stromatoporoid
Crinoid;;Sparite;?;;Bryozoan;Bryozoan;;Microbe;Microbe;Stromatoporoid
Echinoderm;;Micrite;Bryozoan;;Microbe;Microbe;;Microbe;Microbe;Stromatoporoid
Micrite;;?;Crinoid;;Microbe;Sparite;;Microbe;Microbe;Stromatoporoid
Micrite;;Brachiopod;Echinoderm;;;Brachiopod;;Microbe;Microbe;Stromatoporoid
Sparite;;Sparite;Micrite;;;Micrite;;Microbe;Microbe;Stromatoporoid
Micrite;;Sparite;Micrite;;;Micrite;;Microbe;Microbe;Rothpletzella
Echinoderm;;Brachiopod;Sparite;;;;;Microbe;Microbe;
Micrite;;Brachiopod;Sparite;;;;;Microbe;Microbe;
;;Crinoid;Bryozoan;;;;;Sparite;Bryozoan;
;;;Micrite;;;;;Microbe;Bryozoan;
;;;Micrite;;;;;Microbe;Brachiopod;
;;;Micrite;;;;;Microbe;Microbe;
;;;Crinoid_Oncoid;;;;;Microbe;Microbe;
;;;;;;;;Microbe;Bryozoan;
;;;;;;;;;Bryozoan;
;;;;;;;;;;
;;;;;;;;;;
;;;;;;;;;;
;;;;;;;;;;
;;;;;;;;;;
;;;;;;;;;;
;;;;;;;;;;
;;;;;;;;;;
;;;;;;;;;;
;;;;;;;;;;
;;;;;;;;;;
;;;;;;;;;Microbe;
;;Tabulate Coral;;;;;;;Bryozoan;
;;Sparite;;;;;;Microbe;Microbe;Stromatoporoid
;;Sparite;;;;;;Microbe;Microbe;Stromatoporoid
Micrite;;Micrite;;;;;;Microbe;Microbe;Microbe
Sparite;;Mollusc;;;;;;Microbe;Sparite;Brachiopod
Micrite;;Mollusc;;;;;;Microbe;Microbe;Microbe
Crinoid;;Mollusc;;;;;;Microbe;Microbe;Microbe
Green Algae;;Mollusc;;;;;;Bryozoan;Microbe;Stromatoporoid
Mollusc;;Micrite;;;;?;;Bryozoan;Microbe;Stromatoporoid
Mollusc;;Echinoderm;;;;Micrite;;Microbe;Bryozoan;Stromatoporoid
Sparite;;Micrite;;;Microbe;Micrite;;Microbe;Microbe;Stromatoporoid
Micrite;;Micrite;;;Microbe;Microbe;;Microbe;Bryozoan;Stromatoporoid
Sparite;;Micrite;;;Microbe;Microbe;;Allonema;Microbe;Stromatoporoid
Micrite;;Sparite;;;Microbe;Microbe;;Allonema;Microbe;Stromatoporoid
Micrite;;Sparite;;;Microbe;Microbe;;Microbe;Microbe;Stromatoporoid
Bryozoan;;Micrite;Crinoid;;Microbe;Microbe;;Microbe;Microbe;Stromatoporoid
Crinoid;;Echinoderm;Crinoid;;Bryozoan;Microbe;;Microbe;Microbe;Stromatoporoid
Sparite;;Sparite;Tabulate Coral;;Bryozoan;Microbe;;Microbe;Bryozoan;Stromatoporoid
Micrite;;Echinoderm;Micrite;;;Micrite;;Microbe;Bryozoan;Microbe
Trilobite;;Sparite;Micrite;;;Micrite;;Microbe;Microbe;
Micrite;;?;?;;;;;Microbe;Microbe;
Micrite;;Micrite;Tabulate Coral;;;;;Microbe;Microbe;
;;Micrite;Sparite;;;;;Microbe;Bryozoan;
;;Crinoid;Sparite;;;;;Microbe;Bryozoan;
;;;Sparite;;;;;Microbe;Microbe;
;;;Tabulate Coral;;;;;Microbe;Microbe;
;;;Crinoid_Oncoid;;;;;Microbe;Rothpletzella;
;;;Sparite;;;;;Microbe;Bryozoan;
;;;Micrite;;;;;Microbe;Microbe;
;;;Micrite;;;;;;Bryozoan;
;;;;;;;;;Bryozoan;
;;;;;;;;;;
;;;;;;;;;;
;;;;;;;;;;
;;;;;;;;;;
;;;;;;;;;;
;;;;;;;;;;
;;;;;;;;;;
;;;;;;;;;;
;;;;;;;;;;
;;;;;;;;;;
;;;;;;;;;Microbe;
;;Stromatoporoid;;;;;;;Microbe;
;;Tabulate Coral;;;;;;Microbe;Microbe;Stromatoporoid
Micrite;;Micrite;;;;;;Microbe;Microbe;Stromatoporoid
Tabulate Coral;;Mollusc;;;;;;Microbe;Microbe;Brachiopod
Micrite;;Mollusc;;;;;;Microbe;Sparite;Microbe
Micrite;;Mollusc;;;;;;Microbe;Microbe;Sparite
Micrite;;Mollusc;;;;;;Microbe;Microbe;Microbe
Micrite;;Crinoid;;;;;;Microbe;Microbe;Stromatoporoid
?;;Crinoid;;;;Micrite;;Microbe;Bryozoan;Stromatoporoid
Sparite;;Micrite;;;;Micrite;;Microbe;Microbe;Stromatoporoid
Micrite;;Micrite;;;;Sparite;;Allonema;Microbe;Stromatoporoid
Mollusc;;Sparite;;;;Microbe;;Allonema;Microbe;Stromatoporoid
Sparite;;Sparite;;;;Brachiopod;;Microbe;Microbe;Stromatoporoid
Bryozoan;;Sparite;;;;Bryozoan;;Microbe;Sparite;Stromatoporoid
Sparite;;Sparite;;;;Bryozoan;;Microbe;Microbe;Rothpletzella
Micrite;;Sparite;;;;Microbe;;Microbe;Sparite;Bryozoan
Sparite;;Sparite;;;;Bryozoan;;Microbe;Microbe;Rothpletzella
Sparite;;Micrite;Tabulate Coral;;;Microbe;;Microbe;Bryozoan;
Micrite;;Crinoid;Bryozoan;;;Bryozoan;;Microbe;Bryozoan;
Micrite;;Sparite;Tabulate Coral;;;Microbe;;Microbe;Bryozoan;
Micrite;;Sparite;Crinoid;;;Tabulate Coral;;Microbe;Bryozoan;
;;Tabulate Coral;Crinoid;;;Micrite;;Microbe;Microbe;
;;Tabulate Coral;Brachiopod;;;;;Sparite;Microbe;
;;Sparite;Micrite;;;;;Microbe;Microbe;
;;Tabulate Coral;Micrite;;;;;Microbe;Microbe;
;;;Tabulate Coral;;;;;Microbe;Microbe;
;;;Sparite;;;;;Sparite;Sparite;
;;;Sparite;;;;;Microbe;Bryozoan;
;;;Sparite;;;;;;Microbe;
;;;Echinoderm;;;;;;Microbe;
;;;;;;;;;;
;;;;;;;;;;
;;;;;;;;;;
;;;;;;;;;;
;;;;;;;;;;
;;;;;;;;;;
;;;;;;;;;;
;;;;;;;;;;
;;;;;;;;;;
;;;;;;;;;;
;;;;;;;;;;
;;;;;;;;;;
;;Sparite;;;;;;;Microbe;
;;Pyrite;;;;;;;Microbe;Stromatoporoid
Micrite;;Mollusc;;;;;;Microbe;Microbe;Brachiopod
Tabulate Coral;;Mollusc;;;;;;Microbe;Microbe;Microbe
Tabulate Coral;;Mollusc;;;;;;Bryozoan;Bryozoan;
Micrite;;Sparite;;;;;;Microbe;Bryozoan;
Sparite;;?;;;;;;Microbe;Bryozoan;
Echinoderm;;Crinoid;;;;;;Microbe;Microbe;
Sparite;;Crinoid;;;;;;Microbe;Microbe;
Micrite;;Sparite;;;;Microbe;;Microbe;Microbe;Rothpletzella
Sparite;;Trilobite;;;;Brachiopod;;Allonema;Microbe;Rothpletzella
Micrite;;Sparite;;;;Microbe;;Microbe;Bryozoan;
Sparite;;Sparite;;;;Microbe;;Allonema;Microbe;
Bryozoan;;Micrite;;;;Microbe;;Allonema;Microbe;
Bryozoan;;Sparite;;;;Microbe;;Microbe;Bryozoan;
Micrite;;Sparite;;;;Microbe;;Microbe;Bryozoan;
Sparite;;Sparite;;;;Microbe;;Microbe;Bryozoan;
Micrite;;Tabulate Coral;;;;Bryozoan;;Microbe;Bryozoan;
Micrite;;Tabulate Coral;;;;Micrite;;Microbe;Bryozoan;
;;Tabulate Coral;?;;;Micrite;;Microbe;Microbe;
;;Tabulate Coral;Bryozoan;;;Bryozoan;;Microbe;Sparite;
;;Micrite;Sparite;;;Micrite;;Microbe;Bryozoan;
;;Mollusc;Micrite;;;;;Sparite;Microbe;
;;Mollusc;?;;;;;Microbe;Microbe;
;;Tabulate Coral;Sparite;;;;;Microbe;Microbe;
;;;?;;;;;Siliceous Sponge;Microbe;
;;;Bryozoan;;;;;Siliceous Sponge;Microbe;
;;;Sparite;;;;;Microbe;Bryozoan;
;;;Micrite;;;;;;Microbe;
;;;Sparite;;;;;;Microbe;
;;;;;;;;;;
;;;;;;;;;;
;;;;;;;;;;
;;;;;;;;;;
;;;;;;;;;;
;;;;;;;;;;
;;;;;;;;;;
;;;;;;;;;;
;;;;;;;;;;
;;;;;;;;;;
;;;;;;;;;;
;;;;;;;;;;
Tabulate Coral;;Micrite;;;;;;;Microbe;
Tabulate Coral;;Micrite;;;;;;;Microbe;
Tabulate Coral;;Micrite;;;;;;Microbe;Microbe;
Tabulate Coral;;;;;;;;Bryozoan;Microbe;
Crinoid;;Ostracod;;;;;;Microbe;Bryozoan;
Echinoderm;;Micrite;;;;;;Microbe;Microbe;
Micrite;;Micrite;;;;;;Microbe;Crinoid;
Micrite;;Sparite;;;;;;Bryozoan;Bryozoan;
Micrite;;Tabulate Coral;;;;;;Microbe;Microbe;
Trilobite;;Ostracod;;;;;;Microbe;Microbe;
Ostracod;;Micrite;;;;Microbe;;Microbe;Microbe;
Crinoid;;Echinoderm;;;;Microbe;;Microbe;Microbe;
Bryozoan;;Pyrite;;;;Microbe;;Microbe;Microbe;
Bryozoan;;?;;;;Microbe;;Microbe;Microbe;
Micrite;;Micrite;;;;Microbe;;Microbe;Microbe;
Micrite;;Micrite;;;;Microbe;;Microbe;Microbe;
Micrite;;Echinoderm;;;;Brachiopod;;Microbe;Microbe;
Micrite;;Crinoid;;;;Micrite;;Microbe;Microbe;
;;Sparite;;;;Micrite;;Microbe;Microbe;
;;Sparite;;;;Crinoid;;Microbe;Microbe;
;;Trilobite;Echinoderm;;;Crinoid;;Microbe;Microbe;
;;Mollusc;Micrite;;;Micrite;;Microbe;Microbe;
;;Sparite;Tabulate Coral;;;Micrite;;Sparite;Bryozoan;
;;Micrite;Micrite;;;;;Microbe;Bryozoan;
;;Micrite;Tabulate Coral;;;;;Bryozoan;Microbe;
;;;Sparite;;;;;Siliceous Sponge;Bryozoan;
;;;?;;;;;Siliceous Sponge;Allonema;
;;;Sparite;;;;;Siliceous Sponge;Microbe;
;;;Micrite;;;;;;Microbe;
;;;Brachiopod;;;;;;;
;;;;;;;;;;
;;;;;;;;;;
;;;;;;;;;;
;;;;;;;;;;
;;;;;;;;;;
;;;;;;;;;;
;;;;;;;;;;
;;;;;;;;;;
;;;;;;;;;;
;;;;;;;;;;
;;;;;;;;;;
Tabulate Coral;;;;;;;;;;
Tabulate Coral;;;;;;;;;Microbe;
Tabulate Coral;;;;;;;;;Bryozoan;
Tabulate Coral;;;;;;;;Microbe;Bryozoan;
Tabulate Coral;;;;;;;;Microbe;Microbe;
Tabulate Coral;;;;;;;;Microbe;Microbe;
Tabulate Coral;;;;;;;;Crinoid;Microbe;
Micrite;;Micrite;;;;;;Microbe;Microbe;
Micrite;;Micrite;;;;;;Bryozoan;Microbe;
Sparite;;Brachiopod;;;;;;Microbe;Microbe;
Bryozoan;;Micrite;;;;;;Bryozoan;Microbe;
Bryozoan;;Micrite;;;;;;Microbe;Microbe;
Sparite;;Micrite;;;;Microbe;;Microbe;Microbe;
Sparite;;Micrite;;;;Microbe;;Microbe;Microbe;
Sparite;;Bryozoan;;;;Crinoid;;Allonema;Microbe;
Micrite;;Micrite;;;;Microbe;;Microbe;Microbe;
Sparite;;?;;;;Brachiopod;;Allonema;Microbe;
?;;Crinoid;;;;?;;Microbe;Microbe;
;;Crinoid;;;;?;;Microbe;Microbe;
;;Micrite;;;;?;;Microbe;Microbe;
;;Crinoid;;;;Micrite;;Microbe;Microbe;
;;Mollusc;Sparite;;;Micrite;;Microbe;Microbe;
;;Sparite;;;;Brachiopod;;Microbe;Microbe;
;;Micrite;Sparite;;;Micrite;;Microbe;Microbe;
;;Brachiopod;Sparite;;;;;Sparite;Microbe;
;;Sparite;Brachiopod;;;;;Bryozoan;Microbe;
;;;Bryozoan;;;;;Siliceous Sponge;Microbe;
;;;Bryozoan;;;;;Siliceous Sponge;Microbe;
;;;Sparite;;;;;Siliceous Sponge;Microbe;
;;;Echinoderm;;;;;Siliceous Sponge;Microbe;
;;;Tabulate Coral;;;;;;Microbe;
;;;Echinoderm;;;;;;;
;;;;;;;;;;
;;;;;;;;;;
;;;;;;;;;;
;;;;;;;;;;
;;;;;;;;;;
;;;;;;;;;;
;;;;;;;;;;
;;;;;;;;;;
;;;;;;;;;;
;;;;;;;;;;
Tabulate Coral;;;;;;;;;;
Tabulate Coral;;;;;;;;;Microbe;
Tabulate Coral;;;;;;;;;Bryozoan;
Tabulate Coral;;;;;;;;Microbe;Microbe;
Tabulate Coral;;;;;;;;Microbe;Microbe;
Tabulate Coral;;;;;;;;Microbe;Microbe;
Tabulate Coral;;;;;;;;Microbe;Microbe;
Sparite;;;;;;;;Bryozoan;Microbe;
Micrite;;;;;;;;Bryozoan;Microbe;
Sparite;;;;;;;;Crinoid;Microbe;
Sparite;;Micrite;;;;;;Microbe;Microbe;
Sparite;;Micrite;;;;;;Microbe;Microbe;
Sparite;;Micrite;;;;;;Microbe;Microbe;
Sparite;;Micrite;;;;Microbe;;Microbe;Sparite;
Micrite;;Micrite;;;;?;;Microbe;Microbe;
Echinoderm;;Tabulate Coral;;;;Microbe;;Allonema;Microbe;
Brachiopod;;Micrite;;;;Brachiopod;;Microbe;Microbe;
;;Crinoid;;;;?;;Microbe;Microbe;
;;Micrite;;;;Micrite;;Microbe;Microbe;
;;?;;;;Bryozoan;;Microbe;Microbe;
;;Pyrite;;;;Bryozoan;;Microbe;Sparite;
;;Crinoid;;;;Microbe;;Microbe;Sparite;
;;Sparite;;;;Microbe;;Microbe;Microbe;
;;Sparite;;;;Micrite;;Microbe;Microbe;
;;Micrite;Micrite;;;;;Microbe;Microbe;
;;Sparite;Bryozoan;;;;;Microbe;Microbe;
;;;Trilobite;;;;;Bryozoan;Bryozoan;
;;;Sparite;;;;;Siliceous Sponge;Microbe;
;;;?;;;;;Siliceous Sponge;?;
;;;Micrite;;;;;Siliceous Sponge;Microbe;
;;;?;;;;;;Microbe;
;;;Bryozoan;;;;;;;
;;;;;;;;;;
;;;;;;;;;;
;;;;;;;;;;
;;;;;;;;;;
;;;;;;;;;;
;;;;;;;;;;
;;;;;;;;;;
;;;;;;;;;;
;;;;;;;;;;
;;;;;;;;;;
Tabulate Coral;;;;;;;;;;
Tabulate Coral;;;;;;;;;Microbe;
Tabulate Coral;;;;;;;;;Microbe;
Tabulate Coral;;;;;;;;Bryozoan;Microbe;
Tabulate Coral;;;;;;;;Bryozoan;Microbe;
Tabulate Coral;;;;;;;;Microbe;Microbe;
Tabulate Coral;;;;;;;;Microbe;Microbe;
?;;;;;;;;Microbe;Microbe;
Sparite;;;;;;;;Bryozoan;Microbe;
Echinoderm;;;;;;;;Bryozoan;Microbe;
Brachiopod;;;;;;;;Bryozoan;Microbe;
Sparite;;Tabulate Coral;;;;;;Microbe;Microbe;
Ostracod;;Micrite;;;;;;Rugose Coral;Microbe;
Sparite;;Crinoid;;;;;;Rugose Coral;Sparite;
Sparite;;Micrite;;;;Microbe;;Rugose Coral;Sparite;
;;Micrite;;;;Microbe;;Microbe;Microbe;
;;Micrite;;;;Micrite;;Microbe;Microbe;
;;?;;;;Bryozoan;;?;Sparite;
;;Bryozoan;;;;Microbe;;Microbe;Microbe;
;;Micrite;;;;Microbe;;Microbe;Microbe;
;;Micrite;;;;Microbe;;Microbe;Microbe;
;;Micrite;;;;Microbe;;Microbe;Microbe;
;;Sparite;;;;Microbe;;Microbe;Microbe;
;;Bryozoan;;;;;;Microbe;Microbe;
;;Brachiopod;Crinoid;;;;;Microbe;Microbe;
;;Echinoderm;Tabulate Coral;;;;;Microbe;Bryozoan;
;;;?;;;;;Siliceous Sponge;Bryozoan;
;;;?;;;;;Siliceous Sponge;Microbe;
;;;Crinoid;;;;;Siliceous Sponge;Microbe;
;;;?;;;;;Siliceous Sponge;Crinoid;
;;;Tabulate Coral;;;;;;Microbe;
;;;Sparite;;;;;;;
;;;;;;;;;;
;;;;;;;;;;
;;;;;;;;;;
;;;;;;;;;;
;;;;;;;;;;
;;;;;;;;;;
;;;;;;;;;;
;;;;;;;;;;
;;;;;;;;;;
Micrite;;;;;;;;;;
Tabulate Coral;;;;;;;;;;
Tabulate Coral;;;;;;;;;;
Tabulate Coral;;;;;;;;;Microbe;
Tabulate Coral;;;;;;;;Bryozoan;Microbe;
Tabulate Coral;;;;;;;;Microbe;Microbe;
Tabulate Coral;;;;;;;;Microbe;Microbe;
Sparite;;;;;;;;Bryozoan;Bryozoan;
Sparite;;;;;;;;Bryozoan;Microbe;
Brachiopod;;;;;;;;Bryozoan;Microbe;
Sparite;;;;;;;;Bryozoan;Microbe;
Sparite;;;;;;;;Bryozoan;Microbe;
Brachiopod;;;;;;;;Microbe;Microbe;
Sparite;;;;;;;;Rugose Coral;Microbe;
Micrite;;Crinoid;;;;;;Rugose Coral;Tabulate Coral;
;;Micrite;;;;;;Rugose Coral;Tabulate Coral;
;;Micrite;;;;Microbe;;Rugose Coral;Tabulate Coral;
;;Micrite;;;;Micrite;;Rugose Coral;Tabulate Coral;
;;Micrite;;;;Bryozoan;;Ostracod;Tabulate Coral;
;;Micrite;;;;Microbe;;Microbe;Tabulate Coral;
;;Echinoderm;;;;Microbe;;Microbe;Microbe;
;;Mollusc;;;;Microbe;;Microbe;Microbe;
;;?;;;;Crinoid;;Microbe;Microbe;
;;Sparite;;;;?;;Bryozoan;Microbe;
;;Sparite;;;;Micrite;;Microbe;Microbe;
;;Sparite;;;;;;Microbe;Allonema;
;;Sparite;;;;;;Microbe;Microbe;
;;;Tabulate Coral;;;;;Siliceous Sponge;Microbe;
;;;Tabulate Coral;;;;;Siliceous Sponge;Microbe;
;;;Tabulate Coral;;;;;Siliceous Sponge;Microbe;
;;;Tabulate Coral;;;;;Siliceous Sponge;Microbe;
;;;Tabulate Coral;;;;;;Microbe;
;;;Tabulate Coral;;;;;;;
;;;Sparite;;;;;;;
;;;;;;;;;;
;;;;;;;;;;
;;;;;;;;;;
;;;;;;;;;;
;;;;;;;;;;
;;;;;;;;;;
;;;;;;;;;;
;;;;;;;;;;
Micrite;;;;;;;;;;
Micrite;;;;;;;;;;
Tabulate Coral;;;;;;;;;;
Tabulate Coral;;;;;;;;;Microbe;
Tabulate Coral;;;;;;;;Bryozoan;Microbe;
Tabulate Coral;;;;;;;;Microbe;Microbe;
Sparite;;;;;;;;Microbe;Bryozoan;
Micrite;;;;;;;;Bryozoan;Microbe;
Sparite;;;;;;;;Bryozoan;Tabulate Coral;
Micrite;;;;;;;;Microbe;Tabulate Coral;
Sparite;;;;;;;;Microbe;Tabulate Coral;
Micrite;;;;;;;;Bryozoan;Tabulate Coral;
Brachiopod;;;;;;;;Rugose Coral;Tabulate Coral;
Sparite;;;;;;;;Rugose Coral;Tabulate Coral;
;;;;;;;;Rugose Coral;Tabulate Coral;
;;;;;;;;Rugose Coral;Tabulate Coral;
;;Micrite;;;;;;Rugose Coral;Tabulate Coral;
;;Micrite;;;;Microbe;;Rugose Coral;Tabulate Coral;
;;Micrite;;;;Micrite;;Microbe;Tabulate Coral;
;;Ostracod;;;;Microbe;;Microbe;Tabulate Coral;
;;Micrite;;;;Microbe;;Microbe;Microbe;
;;Micrite;;;;Microbe;;Microbe;Microbe;
;;Micrite;;;;Microbe;;Microbe;Microbe;
;;Micrite;;;;Microbe;;Microbe;Microbe;
;;Micrite;;;;Micrite;;Microbe;Allonema;
;;Micrite;;;;;;Microbe;Allonema;
;;Micrite;;;;;;Microbe;Microbe;
;;;;;;;;Microbe;Allonema;
;;;;;;;;Microbe;Microbe;
;;;;;;;;Microbe;Microbe;
;;;;;;;;Microbe;Microbe;
;;;;;;;;;;
;;;;;;;;;;
;;;;;;;;;;
;;;Tabulate Coral;;;;;;;
;;;;;;;;;;
;;;;;;;;;;
;;;;;;;;;;
;;;;;;;;;;
;;;;;;;;;;
;;;;;;;;;;
;;;;;;;;;;
;;;;;;;;;;
Brachiopod;;;;;;;;;;
Sparite;;;;;;;;;;
Micrite;;;;;;;;;Microbe;
Micrite;;;;;;;;;Microbe;
Brachiopod;;;;;;;;Microbe;Sparite;
Brachiopod;;;;;;;;Microbe;Tabulate Coral;
Micrite;;;;;;;;Microbe;Tabulate Coral;
Mollusc;;;;;;;;Microbe;Tabulate Coral;
Sparite;;;;;;;;Microbe;Tabulate Coral;
Sparite;;;;;;;;Microbe;Tabulate Coral;
Micrite;;;;;;;;Microbe;Tabulate Coral;
Micrite;;;;;;;;Rugose Coral;Tabulate Coral;
;;;;;;;;Rugose Coral;Tabulate Coral;
;;;;;;;;Rugose Coral;Tabulate Coral;
;;;;;;;;Rugose Coral;Tabulate Coral;
;;;;;;;;Rugose Coral;Tabulate Coral;
;;;;;;;;Rugose Coral;Microbe;
;;;;;;Bryozoan;;Microbe;Tabulate Coral;
;;;;;;Microbe;;Allonema;Tabulate Coral;
;;;;;;Microbe;;Microbe;Microbe;
;;Micrite;;;;Microbe;;Microbe;Tabulate Coral;
;;Micrite;;;;Brachiopod;;Microbe;Tabulate Coral;
;;Micrite;;;;Micrite;;Microbe;Tabulate Coral;
;;Micrite;;;;Micrite;;Microbe;Microbe;
;;Ostracod;;;;;;Microbe;Allonema;
;;?;;;;;;Microbe;Tabulate Coral;
;;;;;;;;Microbe;Tabulate Coral;
;;;;;;;;Microbe;Microbe;
;;;;;;;;Microbe;Microbe;
;;;;;;;;?;Microbe;
;;;;;;;;;;
;;;;;;;;;;
;;;;;;;;;;
;;;;;;;;;;
;;;;;;;;;;
;;;;;;;;;;
;;;;;;;;;;
;;;;;;;;;;
;;;;;;;;;;
;;;;;;;;;;
;;;;;;;;;;
;;;;;;;;;;
Micrite;;;;;;;;;;
Brachiopod;;;;;;;;;;
Sparite;;;;;;;;;Microbe;
Micrite;;;;;;;;;Microbe;
Sparite;;;;;;;;Microbe;Tabulate Coral;
Micrite;;;;;;;;Sparite;Tabulate Coral;
Micrite;;;;;;;;Microbe;Tabulate Coral;
Sparite;;;;;;;;Microbe;Tabulate Coral;
Micrite;;;;;;;;Microbe;Tabulate Coral;
Sparite;;;;;;;;Sparite;Tabulate Coral;
;;;;;;;;Microbe;Tabulate Coral;
;;;;;;;;Rugose Coral;Tabulate Coral;
;;;;;;;;Rugose Coral;Tabulate Coral;
;;;;;;;;Rugose Coral;Tabulate Coral;
;;;;;;;;Rugose Coral;Tabulate Coral;
;;;;;;;;Rugose Coral;Tabulate Coral;
;;;;;;;;Rugose Coral;Tabulate Coral;
;;;;;;;;Rugose Coral;Tabulate Coral;
;;;;;;;;Allonema;Tabulate Coral;
;;;;;;Micrite;;Microbe;Tabulate Coral;
;;;;;;Micrite;;Microbe;Tabulate Coral;
;;Crinoid;;;;Micrite;;Bryozoan;Tabulate Coral;
;;Micrite;;;;Micrite;;Bryozoan;Tabulate Coral;
;;Micrite;;;;Micrite;;Microbe;Tabulate Coral;
;;Micrite;;;;;;Microbe;Microbe;
;;?;;;;;;Microbe;Tabulate Coral;
;;;;;;;;Microbe;Tabulate Coral;
;;;;;;;;Microbe;Tabulate Coral;
;;;;;;;;?;Microbe;
;;;;;;;;;Microbe;
;;;;;;;;;;
;;;;;;;;;;
;;;;;;;;;;
;;;;;;;;;;
;;;;;;;;;;
;;;;;;;;;;
;;;;;;;;;;
;;;;;;;;;;
;;;;;;;;;;
;;;;;;;;;;
;;;;;;;;;;
;;;;;;;;;;
;;;;;;;;;;
Sparite;;;;;;;;;;
Green Algae;;;;;;;;;Microbe;
Bryozoan;;;;;;;;;Tabulate Coral;
Green Algae;;;;;;;;;Tabulate Coral;
Micrite;;;;;;;;Microbe;Tabulate Coral;
Tabulate Coral;;;;;;;;Microbe;Tabulate Coral;
Micrite;;;;;;;;Microbe;Tabulate Coral;
Crinoid;;;;;;;;Microbe;Tabulate Coral;
;;;;;;;;Bryozoan;Tabulate Coral;
;;;;;;;;Bryozoan;Tabulate Coral;
;;;;;;;;Rugose Coral;Tabulate Coral;
;;;;;;;;Rugose Coral;Tabulate Coral;
;;;;;;;;Rugose Coral;Tabulate Coral;
;;;;;;;;Rugose Coral;Tabulate Coral;
;;;;;;;;Rugose Coral;Tabulate Coral;
;;;;;;;;Rugose Coral;Tabulate Coral;
;;;;;;;;Rugose Coral;Tabulate Coral;
;;;;;;;;Microbe;Tabulate Coral;
;;;;;;;;Microbe;Tabulate Coral;
;;;;;;;;Microbe;Tabulate Coral;
;;;;;;Micrite;;Bryozoan;Tabulate Coral;
;;Micrite;;;;Micrite;;Microbe;Tabulate Coral;
;;?;;;;Micrite;;Microbe;Tabulate Coral;
;;Micrite;;;;;;Microbe;Microbe;
;;Micrite;;;;;;Microbe;Tabulate Coral;
;;;;;;;;Microbe;Tabulate Coral;
;;;;;;;;Microbe;Tabulate Coral;
;;;;;;;;;Tabulate Coral;
;;;;;;;;;;
;;;;;;;;;;
;;;;;;;;;;
;;;;;;;;;;
;;;;;;;;;;
;;;;;;;;;;
;;;;;;;;;;
;;;;;;;;;;
;;;;;;;;;;
;;;;;;;;;;
;;;;;;;;;;
;;;;;;;;;;
;;;;;;;;;;
;;;;;;;;;;
;;;;;;;;;;
Sparite;;;;;;;;;Tabulate Coral;
Green Algae;;;;;;;;;Tabulate Coral;
Crinoid;;;;;;;;;Tabulate Coral;
Micrite;;;;;;;;Bryozoan;Tabulate Coral;
;;;;;;;;Microbe;Tabulate Coral;
;;;;;;;;Bryozoan;Tabulate Coral;
;;;;;;;;Microbe;Tabulate Coral;
;;;;;;;;Microbe;Tabulate Coral;
;;;;;;;;Microbe;Tabulate Coral;
;;;;;;;;Rugose Coral;Tabulate Coral;
;;;;;;;;Rugose Coral;Tabulate Coral;
;;;;;;;;Rugose Coral;Tabulate Coral;
;;;;;;;;Rugose Coral;Tabulate Coral;
;;;;;;;;Rugose Coral;Tabulate Coral;
;;;;;;;;Rugose Coral;Tabulate Coral;
;;;;;;;;Rugose Coral;Tabulate Coral;
;;;;;;;;Rugose Coral;Tabulate Coral;
;;;;;;;;Microbe;Tabulate Coral;
;;;;;;;;Allonema;Tabulate Coral;
;;;;;;;;Microbe;Tabulate Coral;
;;;;;;;;Microbe;Tabulate Coral;
;;;;;;;;Microbe;Tabulate Coral;
;;;;;;;;Microbe;Microbe;
;;;;;;;;Microbe;Tabulate Coral;
;;;;;;;;Microbe;Tabulate Coral;
;;;;;;;;;Tabulate Coral;
;;;;;;;;;Tabulate Coral;
;;;;;;;;;;
;;;;;;;;;;
;;;;;;;;;;
;;;;;;;;;;
;;;;;;;;;;
;;;;;;;;;;
;;;;;;;;;;
;;;;;;;;;;
;;;;;;;;;;
;;;;;;;;;;
;;;;;;;;;;
;;;;;;;;;;
;;;;;;;;;;
;;;;;;;;;;
;;;;;;;;;;
;;;;;;;;;Microbe;
Sparite;;;;;;;;;Tabulate Coral;
;;;;;;;;;Tabulate Coral;
;;;;;;;;Microbe;Tabulate Coral;
;;;;;;;;Microbe;Tabulate Coral;
;;;;;;;;;Tabulate Coral;
;;;;;;;;;Tabulate Coral;
;;;;;;;;;Tabulate Coral;
;;;;;;;;;Tabulate Coral;
;;;;;;;;Rugose Coral;Tabulate Coral;
;;;;;;;;Rugose Coral;Tabulate Coral;
;;;;;;;;Rugose Coral;Tabulate Coral;
;;;;;;;;Rugose Coral;Tabulate Coral;
;;;;;;;;Rugose Coral;Tabulate Coral;
;;;;;;;;Rugose Coral;Tabulate Coral;
;;;;;;;;Rugose Coral;Tabulate Coral;
;;;;;;;;Rugose Coral;Tabulate Coral;
;;;;;;;;Rugose Coral;Tabulate Coral;
;;;;;;;;Microbe;Tabulate Coral;
;;;;;;;;Microbe;Tabulate Coral;
;;;;;;;;Microbe;Tabulate Coral;
;;;;;;;;Microbe;Tabulate Coral;
;;;;;;;;Microbe;Microbe;
;;;;;;;;Microbe;Microbe;
;;;;;;;;;Tabulate Coral;
;;;;;;;;;Tabulate Coral;
;;;;;;;;;Tabulate Coral;
;;;;;;;;;;
;;;;;;;;;;
;;;;;;;;;;
;;;;;;;;;;
;;;;;;;;;;
;;;;;;;;;;
;;;;;;;;;;
;;;;;;;;;;
;;;;;;;;;;
;;;;;;;;;;
;;;;;;;;;;
;;;;;;;;;;
;;;;;;;;;;
;;;;;;;;;;
;;;;;;;;;;
;;;;;;;;;Tabulate Coral;
;;;;;;;;;Tabulate Coral;
;;;;;;;;;Tabulate Coral;
;;;;;;;;;Tabulate Coral;
;;;;;;;;;Tabulate Coral;
;;;;;;;;;Tabulate Coral;
;;;;;;;;;Tabulate Coral;
;;;;;;;;;Tabulate Coral;
;;;;;;;;;Tabulate Coral;
;;;;;;;;;Tabulate Coral;
;;;;;;;;;Tabulate Coral;
;;;;;;;;;Tabulate Coral;
;;;;;;;;Rugose Coral;Tabulate Coral;
;;;;;;;;Rugose Coral;Tabulate Coral;
;;;;;;;;Rugose Coral;Tabulate Coral;
;;;;;;;;Rugose Coral;Tabulate Coral;
;;;;;;;;Rugose Coral;Tabulate Coral;
;;;;;;;;Microbe;Tabulate Coral;
;;;;;;;;Microbe;Tabulate Coral;
;;;;;;;;Microbe;Tabulate Coral;
;;;;;;;;Microbe;Tabulate Coral;
;;;;;;;;;Tabulate Coral;
;;;;;;;;;Tabulate Coral;
;;;;;;;;;Microbe;
;;;;;;;;;Tabulate Coral;
;;;;;;;;;Tabulate Coral;
;;;;;;;;;Tabulate Coral;
;;;;;;;;;;
;;;;;;;;;;
;;;;;;;;;;
;;;;;;;;;;
;;;;;;;;;;
;;;;;;;;;;
;;;;;;;;;;
;;;;;;;;;;
;;;;;;;;;;
;;;;;;;;;;
;;;;;;;;;;
;;;;;;;;;;
;;;;;;;;;;
;;;;;;;;;;
;;;;;;;;;;
;;;;;;;;;Tabulate Coral;
;;;;;;;;;Tabulate Coral;
;;;;;;;;;Tabulate Coral;
;;;;;;;;;Tabulate Coral;
;;;;;;;;;Tabulate Coral;
;;;;;;;;;Tabulate Coral;
;;;;;;;;;Tabulate Coral;
;;;;;;;;;Tabulate Coral;
;;;;;;;;;Tabulate Coral;
;;;;;;;;;Tabulate Coral;
;;;;;;;;;Tabulate Coral;
;;;;;;;;;Tabulate Coral;
;;;;;;;;;Tabulate Coral;
;;;;;;;;;Tabulate Coral;
;;;;;;;;;Tabulate Coral;
;;;;;;;;;Tabulate Coral;
;;;;;;;;;Tabulate Coral;
;;;;;;;;;Tabulate Coral;
;;;;;;;;Microbe;Tabulate Coral;
;;;;;;;;;Tabulate Coral;
;;;;;;;;;Tabulate Coral;
;;;;;;;;;Tabulate Coral;
;;;;;;;;;Tabulate Coral;
;;;;;;;;;Microbe;
;;;;;;;;;;
;;;;;;;;;;
;;;;;;;;;;
;;;;;;;;;;
;;;;;;;;;;
;;;;;;;;;;
;;;;;;;;;;
;;;;;;;;;;
;;;;;;;;;;
;;;;;;;;;;
;;;;;;;;;;
;;;;;;;;;;
;;;;;;;;;;
;;;;;;;;;;
;;;;;;;;;;
;;;;;;;;;;
;;;;;;;;;;
;;;;;;;;;;
;;;;;;;;;Microbe;
;;;;;;;;;Microbe;
;;;;;;;;;Tabulate Coral;
;;;;;;;;;Tabulate Coral;
;;;;;;;;;Tabulate Coral;
;;;;;;;;;Tabulate Coral;
;;;;;;;;;Tabulate Coral;
;;;;;;;;;Tabulate Coral;
;;;;;;;;;Tabulate Coral;
;;;;;;;;;Tabulate Coral;
;;;;;;;;;Tabulate Coral;
;;;;;;;;;Tabulate Coral;
;;;;;;;;;Tabulate Coral;
;;;;;;;;;Tabulate Coral;
;;;;;;;;;Tabulate Coral;
;;;;;;;;;;
;;;;;;;;;;
;;;;;;;;;;
;;;;;;;;;;
;;;;;;;;;;
;;;;;;;;;;
;;;;;;;;;;
;;;;;;;;;;
;;;;;;;;;;
;;;;;;;;;;
;;;;;;;;;;
;;;;;;;;;;
;;;;;;;;;;
;;;;;;;;;;
;;;;;;;;;;
;;;;;;;;;;
;;;;;;;;;;
;;;;;;;;;;
;;;;;;;;;;
;;;;;;;;;;
;;;;;;;;;;
;;;;;;;;;;
;;;;;;;;;;
;;;;;;;;;;
;;;;;;;;;;
;;;;;;;;;;
;;;;;;;;;;
;;;;;;;;;Microbe;
;;;;;;;;;Microbe;
;;;;;;;;;Tabulate Coral;
;;;;;;;;;Tabulate Coral;
;;;;;;;;;Tabulate Coral;
